player_id,team_id,fouls_against,fouls_for,yellow_cards,red_cards,indirect_red_cards,offsides
903,29,15,7,0,0,0,0
111,34,14,3,1,0,0,0
49,20,13,4,1,0,0,0
920,5,12,3,0,0,0,0
689,41,12,8,0,0,0,7
1028,43,11,2,0,0,0,0
362,6,11,3,1,0,0,1
24,19,11,3,1,0,0,1
1029,10,10,4,1,0,0,0
797,34,10,9,2,0,0,0
253,2,9,3,1,0,0,0
448,10,9,8,1,0,0,0
614,34,9,6,1,0,0,0
267,10,9,1,0,0,0,3
353,2,9,5,0,0,0,1
342,18,9,13,1,0,0,0
193,5,9,2,1,0,0,0
619,18,9,16,1,0,0,1
1151,5,9,0,0,0,0,0
195,43,9,11,2,1,1,4
1039,41,9,6,0,0,0,1
53,41,9,7,1,0,0,2
1023,43,8,3,0,0,0,1
462,3,8,1,1,0,0,0
175,48,8,4,0,0,0,0
337,48,8,4,0,0,0,1
218,33,8,3,1,0,0,0
1195,46,8,2,1,0,0,0
691,2,8,5,1,0,0,2
622,2,8,3,0,0,0,2
240,46,8,3,1,0,0,0
1078,11,8,1,1,0,0,0
505,29,8,3,0,0,0,3
719,9,8,8,2,0,0,0
1030,9,8,13,1,0,0,1
756,17,8,1,2,0,0,0
461,18,8,9,0,0,0,2
277,32,7,2,0,0,0,0
1156,5,7,2,1,0,0,0
809,5,7,2,1,0,0,0
994,13,7,6,1,0,0,1
1224,5,7,10,0,0,0,1
370,18,7,11,0,0,0,0
1120,4,7,3,2,0,0,0
699,27,7,3,0,0,0,0
1065,24,7,4,2,0,0,0
538,36,7,0,1,0,0,0
472,25,7,0,0,0,0,0
894,37,7,2,1,0,0,0
722,42,7,4,1,0,0,0
990,41,7,6,0,0,0,0
757,41,7,2,1,0,0,3
514,6,7,0,0,0,0,0
269,7,7,1,2,0,0,1
25,47,7,5,0,1,0,1
732,10,7,8,1,0,0,1
44,16,7,0,2,0,0,0
1013,28,7,2,0,0,0,2
1041,47,7,5,1,0,0,0
555,28,7,3,0,0,0,0
729,10,7,9,0,0,0,9
401,12,7,2,1,0,0,1
18,29,7,16,1,0,0,0
585,21,7,7,0,0,0,1
781,22,7,6,0,0,0,0
207,21,7,3,2,0,0,0
684,21,7,1,0,0,0,0
440,12,6,5,1,0,0,0
127,21,6,4,0,0,0,4
1214,17,6,3,2,0,0,0
1025,22,6,4,0,0,0,0
786,21,6,4,0,0,0,0
703,22,6,1,0,0,0,0
878,17,6,5,0,0,0,2
4,48,6,4,0,0,0,0
687,15,6,2,1,0,0,0
1091,6,6,4,0,0,0,0
1035,15,6,0,0,0,0,0
8,48,6,0,2,0,0,0
1055,43,6,6,0,0,0,2
97,6,6,3,1,0,0,0
65,32,6,2,0,0,0,2
624,32,6,1,0,0,0,0
1052,35,6,3,1,0,0,0
121,13,6,4,0,0,0,0
912,18,6,4,1,0,0,0
896,5,6,1,0,1,0,0
296,30,6,3,0,0,0,1
752,19,6,7,1,0,0,0
1206,4,6,0,0,0,0,0
284,19,6,4,0,0,0,0
676,4,6,3,1,0,0,3
406,30,6,6,0,0,0,0
1080,32,6,2,0,0,0,0
563,35,6,2,0,0,0,1
621,19,6,5,0,0,0,1
685,19,6,9,1,0,0,5
154,25,6,4,0,0,0,1
132,25,6,2,0,0,0,0
1032,25,6,5,0,0,0,0
1016,1,6,4,0,0,0,0
714,2,6,4,1,0,0,0
282,10,6,5,1,0,0,1
429,2,6,1,0,0,0,1
69,2,6,10,0,0,0,0
546,10,6,5,1,0,0,0
220,7,6,6,2,0,0,0
626,14,6,3,2,0,0,0
1137,6,5,2,0,1,0,0
1059,30,5,3,0,0,0,0
1024,35,5,3,2,0,0,0
361,32,5,3,0,0,0,0
405,32,5,3,0,0,0,0
873,18,5,3,0,0,0,2
767,18,5,1,0,0,0,1
831,30,5,1,1,0,0,0
525,20,5,11,1,0,0,0
723,19,5,2,0,0,0,0
584,20,5,1,0,0,0,0
928,13,5,0,0,0,0,2
853,17,5,13,0,0,0,1
924,9,5,1,1,0,0,0
1119,40,5,1,0,1,0,0
582,9,5,5,1,0,0,0
1132,9,5,8,0,0,0,2
216,22,5,3,1,0,0,2
866,17,5,3,2,0,0,0
258,9,5,1,2,0,0,3
1118,29,5,6,0,0,0,2
1135,9,5,5,0,0,0,1
271,22,5,3,1,0,0,0
898,9,5,2,1,0,0,0
89,9,5,4,1,0,0,0
658,8,5,3,1,0,0,0
403,22,5,4,1,0,0,2
184,29,5,5,1,0,0,0
688,39,5,3,1,0,0,0
388,41,5,2,1,0,0,2
708,38,5,10,0,0,0,0
309,43,5,4,0,0,0,0
264,43,5,16,0,0,0,4
408,42,5,7,1,0,0,0
14,48,5,1,0,0,0,0
693,38,5,3,0,0,0,1
265,41,5,8,0,0,0,0
50,3,5,4,1,0,0,0
835,41,5,5,0,0,0,0
910,43,5,6,1,0,0,0
1235,43,5,4,0,0,0,0
598,33,5,1,0,0,0,0
303,34,5,1,2,0,0,0
435,16,5,4,1,0,0,0
251,33,5,5,0,0,0,1
558,10,5,0,1,0,0,0
332,28,5,2,1,0,0,0
1027,46,5,2,0,0,0,2
623,28,5,7,0,0,0,1
998,16,5,4,1,1,0,0
869,16,5,4,1,0,0,0
1015,7,5,4,0,0,0,1
1092,46,5,7,1,0,0,0
695,2,5,2,1,0,0,0
593,28,5,1,1,0,0,1
556,10,5,2,1,0,0,0
200,28,5,3,1,0,0,0
1172,46,5,6,1,0,0,0
1134,25,5,2,0,0,0,0
850,37,5,0,1,0,0,0
1223,11,5,9,0,0,0,1
330,11,5,3,0,0,0,0
931,26,5,4,0,0,0,0
746,26,4,2,0,0,0,0
329,36,4,2,0,0,0,1
1088,37,4,2,1,0,0,0
1218,26,4,0,1,0,0,0
899,11,4,8,1,0,0,0
1105,24,4,0,1,0,0,1
1007,1,4,0,1,0,0,0
530,8,4,2,0,0,0,0
471,1,4,1,1,0,0,0
1202,8,4,2,0,0,0,0
474,36,4,0,0,1,0,0
635,25,4,1,1,0,0,0
1004,1,4,2,0,0,0,0
298,8,4,1,0,0,0,0
74,44,4,2,0,0,0,0
544,22,4,5,1,0,0,0
1144,40,4,10,0,0,0,0
297,9,4,3,1,0,0,0
679,39,4,6,0,0,0,0
970,39,4,2,1,0,0,0
1000,9,4,2,0,0,0,0
939,29,4,6,0,0,0,0
1063,39,4,10,0,0,0,3
1143,40,4,0,1,0,0,0
458,44,4,15,0,0,0,0
510,29,4,1,3,0,0,0
664,40,4,10,0,0,0,1
145,40,4,6,1,0,0,2
1113,29,4,2,0,0,0,0
1210,44,4,1,0,0,0,1
999,21,4,0,0,0,0,0
715,14,4,1,1,0,0,0
630,14,4,1,1,0,0,0
653,6,4,6,0,0,0,1
925,6,4,0,1,0,0,0
826,19,4,16,1,0,0,0
1188,35,4,5,0,0,0,0
989,35,4,3,0,0,0,0
1200,19,4,0,0,0,0,0
807,19,4,0,0,0,0,1
533,30,4,2,0,0,0,0
198,30,4,3,0,0,0,2
148,19,4,3,1,0,0,0
696,5,4,8,0,0,0,1
551,5,4,18,0,0,0,0
900,20,4,1,0,0,0,0
734,13,4,3,1,0,0,0
205,18,4,7,0,0,0,3
984,4,4,1,0,0,0,0
977,32,4,2,1,0,0,0
513,13,4,1,2,0,0,0
123,18,4,10,0,0,0,0
492,13,4,3,0,0,0,1
599,33,4,3,1,0,0,1
929,16,4,3,0,0,0,0
1186,7,4,10,0,0,0,3
911,2,4,2,0,0,0,1
374,7,4,0,1,0,0,0
352,16,4,7,0,0,0,2
227,28,4,4,0,1,0,0
204,7,4,7,0,0,0,0
410,7,4,4,0,0,0,0
600,33,4,2,0,0,0,0
922,2,4,13,0,0,0,2
128,46,4,1,1,0,0,0
110,33,4,0,1,0,0,0
610,22,4,4,1,0,0,0
1213,42,4,8,1,0,0,0
291,43,4,0,2,0,0,1
854,3,4,2,0,0,0,1
753,43,4,4,0,0,0,0
391,31,4,1,0,0,0,0
1184,42,4,7,1,0,0,1
22,15,4,4,0,0,0,0
776,31,4,0,1,0,0,0
224,43,4,2,0,0,0,0
586,3,4,4,1,0,0,0
61,42,4,1,0,0,0,5
905,3,4,5,0,0,0,0
209,31,4,1,1,0,0,0
437,43,4,12,2,0,0,0
234,38,4,2,0,0,0,0
1189,15,4,3,0,0,0,1
157,41,4,2,1,0,0,0
981,41,4,2,1,0,0,0
172,45,4,1,0,0,0,2
987,41,3,5,1,0,0,1
343,42,3,1,0,0,0,0
573,43,3,3,0,0,0,1
983,3,3,2,0,0,0,0
1061,31,3,3,0,0,0,0
720,43,3,1,0,0,0,0
1163,15,3,1,0,0,0,2
518,3,3,3,1,0,0,0
836,41,3,4,0,0,0,0
569,31,3,0,0,0,0,0
133,45,3,10,0,0,0,2
340,31,3,2,1,0,0,0
968,45,3,0,0,0,0,0
1140,3,3,0,0,0,0,0
1090,38,3,0,0,0,0,0
1182,42,3,0,0,0,0,0
500,42,3,3,1,0,0,0
176,38,3,1,0,0,0,0
1103,48,3,2,1,0,0,0
372,43,3,6,0,0,0,0
553,42,3,0,0,0,0,0
737,15,3,3,0,0,0,0
180,42,3,0,0,0,0,0
830,43,3,2,0,0,0,0
181,6,3,2,0,0,0,0
1130,14,3,13,0,0,0,0
694,14,3,3,1,0,0,0
98,6,3,3,0,0,0,0
620,14,3,4,0,0,0,2
814,24,3,5,0,0,0,2
82,24,3,0,1,0,0,1
1072,24,3,0,0,0,0,1
101,23,3,0,2,0,0,0
852,36,3,0,0,0,0,0
818,23,3,8,1,0,0,0
644,25,3,1,0,0,0,1
378,1,3,2,1,0,0,1
485,23,3,5,0,0,0,0
1228,25,3,1,0,0,0,0
1070,37,3,4,1,0,0,1
1233,23,3,2,1,0,0,0
221,27,3,0,0,0,0,0
334,26,3,1,0,0,0,0
907,11,3,4,0,0,0,1
702,27,3,1,0,0,0,0
152,11,3,3,0,0,0,0
1054,22,3,4,0,0,0,0
710,9,3,1,1,0,0,0
1022,40,3,2,0,0,0,0
812,40,3,4,0,0,0,1
190,29,3,10,0,0,0,0
1011,44,3,0,1,0,0,0
242,12,3,5,0,0,0,0
1203,22,3,2,0,0,0,1
718,22,3,1,0,0,0,1
1020,29,3,5,1,0,0,1
162,29,3,6,0,0,0,0
107,29,3,2,0,0,0,0
1010,17,3,2,0,0,0,0
1197,12,3,1,0,0,0,0
952,17,3,8,0,0,0,0
1169,17,3,2,0,0,0,0
455,17,3,2,1,0,0,1
1138,40,3,6,2,0,0,0
167,29,3,7,1,0,0,0
844,44,3,1,0,0,0,0
882,39,3,6,0,0,0,0
360,28,3,4,0,0,0,0
892,2,3,0,0,0,0,1
375,2,3,2,1,0,0,1
424,28,3,3,0,0,0,0
992,16,3,0,0,0,0,0
918,2,3,0,0,0,0,1
627,34,3,3,1,0,0,1
397,46,3,8,1,1,0,3
326,33,3,3,1,0,0,0
1201,16,3,2,0,0,0,0
727,7,3,6,0,0,0,0
794,47,3,0,1,0,0,0
447,34,3,2,0,0,0,1
382,47,3,3,0,0,0,3
804,34,3,3,0,0,0,0
625,34,3,10,0,0,0,0
434,2,3,0,1,0,0,0
441,28,3,1,0,0,0,0
659,16,3,1,0,0,0,0
317,7,3,2,1,0,0,1
774,4,3,1,1,0,0,5
1162,33,3,1,0,0,0,0
1034,28,3,5,0,0,0,1
749,46,3,14,1,0,0,0
1193,20,3,1,0,0,0,1
979,4,3,1,0,0,0,0
564,35,3,6,0,0,0,0
113,38,3,1,1,0,0,0
1141,30,3,0,0,0,0,0
769,13,3,0,0,0,0,0
182,35,3,0,2,0,0,0
789,13,3,3,0,0,0,0
301,19,3,6,0,0,0,0
782,32,3,4,0,0,0,0
383,20,3,3,0,0,0,0
758,18,3,12,1,0,0,0
286,18,3,0,2,0,0,1
293,20,3,0,0,0,0,0
1021,18,3,1,0,0,0,0
394,4,3,1,0,0,0,0
666,38,3,2,0,0,0,0
766,32,3,1,0,0,0,0
188,19,3,1,1,0,0,1
1045,4,3,4,0,0,0,0
633,20,3,4,1,0,0,1
941,35,3,12,0,0,0,1
707,20,3,2,0,0,0,1
248,30,3,3,0,0,0,3
1148,19,2,4,0,0,0,0
124,38,2,0,0,0,0,0
279,20,2,0,0,0,0,0
256,30,2,5,1,0,0,1
576,38,2,11,0,0,0,0
219,4,2,2,0,0,0,0
1046,5,2,0,1,0,0,1
914,20,2,1,0,0,0,0
680,32,2,1,0,0,0,0
895,30,2,2,0,0,0,0
232,5,2,3,0,0,0,2
682,32,2,1,1,0,0,0
770,13,2,0,0,0,0,1
936,18,2,3,0,0,0,1
656,5,2,4,1,0,0,0
704,32,2,2,0,0,0,0
108,32,2,3,0,0,0,0
760,4,2,3,1,0,0,1
153,5,2,1,1,0,0,0
608,13,2,1,0,0,0,0
750,19,2,0,0,0,0,0
609,13,2,3,0,0,0,0
904,35,2,2,1,0,0,0
304,5,2,1,0,0,0,1
203,35,2,8,0,0,0,1
255,35,2,5,0,0,0,6
1017,19,2,1,0,0,0,0
1087,4,2,2,0,0,0,0
1166,32,2,0,0,0,0,0
1187,30,2,2,0,0,0,0
867,26,2,2,1,0,0,0
305,8,2,0,1,0,0,0
144,36,2,1,0,1,0,0
199,11,2,1,0,0,0,1
385,37,2,3,1,0,0,0
30,36,2,1,2,0,0,0
156,23,2,1,0,0,0,0
223,11,2,1,0,0,0,4
1006,24,2,3,0,0,0,1
335,24,2,1,1,0,0,0
87,24,2,0,0,0,0,0
1123,11,2,0,0,0,0,0
1108,8,2,9,2,0,0,0
629,25,2,5,0,0,0,0
259,25,2,4,1,0,0,1
1232,23,2,0,0,0,0,0
943,26,2,4,0,0,0,1
15,37,2,0,0,0,0,0
233,11,2,1,1,0,0,0
887,23,2,0,0,0,0,0
480,26,2,1,1,0,0,0
73,36,2,2,0,0,0,0
881,26,2,3,0,0,0,1
261,25,2,1,0,0,0,1
628,25,2,0,1,0,0,0
187,36,2,1,0,0,0,0
1104,25,2,1,1,0,0,0
668,27,2,0,0,0,0,0
888,1,2,3,0,0,0,0
822,11,2,0,0,0,0,0
860,24,2,1,0,0,0,0
698,27,2,2,1,0,0,0
1127,36,2,0,0,0,0,0
402,23,2,0,0,0,0,0
862,37,2,1,0,0,0,0
813,24,2,1,0,0,0,0
935,11,2,3,2,0,0,0
512,6,2,3,0,0,0,0
1154,31,2,2,0,0,0,0
241,31,2,1,0,0,0,4
824,31,2,2,0,0,0,0
819,45,2,1,0,0,0,3
1109,43,2,0,0,0,0,0
1221,41,2,0,0,0,0,1
663,48,2,1,0,0,0,0
897,38,2,0,0,0,0,0
985,15,2,1,0,0,0,1
1086,31,2,2,1,0,0,0
1,38,2,4,1,0,0,0
134,43,2,1,0,0,0,0
1173,31,2,1,0,0,0,0
416,41,2,1,0,0,0,0
1161,15,2,2,0,0,0,0
454,45,2,1,0,0,0,0
35,3,2,8,0,0,0,0
1160,15,2,1,0,0,0,0
292,45,2,0,0,0,0,0
962,48,2,5,0,0,0,0
537,3,2,0,0,0,0,0
356,45,2,1,1,0,0,0
764,41,2,1,0,0,0,0
507,45,2,0,0,0,0,0
1058,38,2,1,1,0,0,0
166,48,2,1,0,0,0,0
1229,45,2,1,1,0,0,0
647,45,2,4,0,0,0,0
956,45,2,4,0,0,0,0
1071,45,2,2,0,0,0,0
742,38,2,0,0,0,0,0
725,3,2,0,0,0,0,0
739,15,2,1,0,0,0,1
60,42,2,5,0,0,0,0
1101,14,2,0,0,0,0,1
1031,14,2,0,0,0,0,0
302,14,2,3,0,0,0,0
420,14,2,0,2,0,0,0
449,34,2,0,0,0,0,0
1098,46,2,4,0,0,0,0
501,34,2,0,0,0,0,2
1149,2,2,2,1,0,0,2
1158,46,2,0,0,0,0,2
149,46,2,0,0,0,0,0
916,47,2,3,1,0,0,0
913,2,2,1,0,0,0,0
991,16,2,5,0,0,0,0
838,46,2,0,0,0,0,0
832,34,2,7,1,1,0,0
1042,2,2,4,1,0,0,1
197,46,2,1,0,0,0,0
519,16,2,0,1,0,0,0
951,34,2,3,0,0,0,0
808,47,2,7,0,0,0,6
590,16,2,0,0,0,0,0
494,7,2,0,0,0,0,0
274,4,2,0,0,0,0,0
446,34,2,2,0,0,0,1
560,33,2,1,0,0,0,0
225,33,2,2,1,0,0,1
1044,7,2,1,1,0,0,0
1093,47,2,2,0,0,0,0
529,10,2,3,0,0,0,2
712,2,2,16,0,0,0,5
246,12,2,0,0,0,0,0
341,21,2,0,0,0,0,0
1209,12,2,7,0,0,0,0
364,21,2,2,0,0,0,0
456,17,2,0,0,0,0,0
452,17,2,2,2,0,0,0
848,44,2,0,0,0,0,0
917,39,2,0,0,0,0,5
747,17,2,1,1,0,0,0
495,39,2,1,0,0,0,0
506,39,2,0,0,0,0,0
491,39,2,2,0,0,0,0
868,9,2,0,0,0,0,0
849,17,2,1,0,0,0,0
336,39,2,0,0,0,0,0
466,44,2,2,0,0,0,0
347,17,2,13,0,0,0,0
521,9,2,1,0,0,0,0
421,29,2,3,0,0,0,0
1152,21,2,5,0,0,0,0
489,12,2,4,0,0,0,0
1122,9,2,6,0,0,0,0
637,21,2,1,0,0,0,1
552,21,2,4,0,0,0,0
423,21,2,2,0,0,0,0
1242,17,2,1,0,0,0,0
497,21,2,1,1,0,0,1
451,39,2,2,0,0,0,0
31,17,2,3,1,0,0,0
541,22,2,1,0,0,0,1
339,44,1,3,0,0,0,1
392,44,1,2,0,0,0,3
114,12,1,3,0,0,0,1
842,17,1,0,0,0,0,0
7,39,1,1,1,0,0,0
810,9,1,1,0,0,0,0
75,9,1,5,0,0,0,0
971,39,1,0,0,0,0,0
260,8,1,1,0,0,0,2
9,21,1,8,1,0,0,0
640,17,1,2,0,0,0,0
85,21,1,0,1,0,0,0
872,44,1,1,0,0,0,0
498,40,1,1,0,0,0,2
160,29,1,0,0,0,0,0
1192,8,1,3,1,0,0,0
1212,8,1,1,0,0,0,0
932,40,1,0,1,0,0,0
321,44,1,0,0,0,0,0
368,40,1,1,0,0,0,2
581,21,1,0,0,0,0,0
795,9,1,1,0,0,0,0
975,39,1,0,0,0,0,0
1234,29,1,1,0,0,0,0
1170,40,1,1,0,0,0,0
638,40,1,0,0,0,0,0
961,40,1,2,0,0,0,0
367,12,1,0,0,0,0,0
673,21,1,0,1,0,0,0
504,9,1,3,0,0,0,0
496,40,1,1,0,0,0,0
300,21,1,2,0,0,0,0
1146,40,1,0,0,1,0,0
1094,44,1,0,0,0,0,0
508,39,1,9,0,0,0,2
919,12,1,1,1,0,0,1
457,22,1,2,0,0,0,0
612,8,1,2,0,0,0,0
1095,12,1,0,1,0,0,0
159,29,1,1,0,0,0,3
475,17,1,0,0,0,0,0
871,15,1,0,0,0,0,0
1236,45,1,0,0,0,0,0
295,6,1,0,0,0,0,0
840,43,1,3,1,0,0,0
328,6,1,2,1,0,0,0
1121,15,1,0,0,0,0,0
373,41,1,3,0,0,0,0
164,3,1,4,0,0,0,0
316,48,1,0,0,0,0,1
517,38,1,3,0,0,0,0
980,15,1,3,0,0,0,0
13,45,1,3,0,0,0,0
249,3,1,0,0,0,0,0
930,3,1,0,0,0,0,0
944,48,1,1,1,0,0,0
444,42,1,3,0,0,0,1
390,38,1,0,1,0,0,0
183,42,1,0,0,0,0,0
650,38,1,1,1,0,0,0
254,3,1,2,0,0,0,0
1057,48,1,0,0,0,0,0
365,6,1,2,0,0,0,0
711,31,1,5,0,0,0,0
792,3,1,1,0,0,0,0
39,3,1,0,0,0,0,0
821,45,1,2,0,0,0,0
1003,35,1,2,0,0,0,0
399,35,1,1,0,0,0,1
308,18,1,3,0,0,0,0
543,19,1,0,0,0,0,0
825,4,1,1,0,0,0,2
438,38,1,0,0,0,0,1
396,20,1,3,0,0,0,1
655,4,1,2,0,0,0,0
1194,19,1,0,0,0,0,0
129,32,1,5,1,0,0,2
130,20,1,0,0,0,0,0
779,13,1,14,0,0,0,0
996,4,1,1,0,0,0,0
1159,35,1,0,1,0,0,0
96,5,1,3,0,0,0,0
263,18,1,0,0,0,0,0
535,18,1,0,1,1,0,0
748,20,1,1,0,0,0,0
921,4,1,1,0,0,0,0
993,13,1,1,0,0,0,0
323,18,1,3,0,0,0,1
974,20,1,0,0,0,0,0
811,20,1,1,0,0,0,0
736,13,1,1,0,0,0,0
1205,30,1,2,0,0,0,0
875,32,1,0,0,0,0,0
565,35,1,4,0,0,0,0
817,30,1,1,1,0,0,0
578,18,1,1,0,0,0,0
959,32,1,4,0,0,0,0
310,5,1,2,0,0,0,0
140,5,1,0,0,0,0,0
483,27,1,1,0,0,0,0
1097,27,1,2,0,0,0,4
1033,1,1,7,0,0,0,1
27,36,1,0,0,0,0,0
6,26,1,1,0,0,0,0
78,26,1,1,0,0,0,0
158,36,1,0,0,0,0,0
1111,11,1,0,0,0,0,0
77,24,1,1,0,0,0,0
482,27,1,2,0,0,0,0
1019,23,1,0,0,1,0,0
3,11,1,1,0,0,0,1
969,27,1,2,1,0,0,0
861,24,1,1,0,0,0,0
674,25,1,0,0,0,0,0
837,24,1,1,0,0,0,2
11,36,1,0,0,0,0,0
231,11,1,2,1,0,0,0
99,26,1,0,0,0,0,0
84,23,1,0,0,0,0,0
1230,36,1,2,0,0,0,0
1067,26,1,0,0,0,0,0
678,25,1,0,0,0,0,0
83,26,1,4,0,0,0,1
161,25,1,0,0,0,0,0
745,36,1,1,1,0,0,0
478,1,1,2,0,0,0,0
1238,23,1,2,0,0,0,0
700,27,1,4,0,0,0,1
463,36,1,1,0,0,0,0
1060,8,1,2,0,0,0,2
100,1,1,1,0,0,0,0
76,23,1,5,0,0,0,0
660,23,1,0,0,0,0,0
988,36,1,7,0,0,0,0
393,11,1,1,0,0,0,1
1128,37,1,2,0,0,0,0
902,37,1,1,0,0,0,0
481,23,1,0,0,0,0,1
846,1,1,0,0,0,0,0
79,23,1,0,0,0,0,0
1211,27,1,0,0,0,0,1
886,37,1,1,0,0,0,2
1107,25,1,0,0,0,0,0
1009,1,1,5,0,0,0,0
486,1,1,5,0,0,0,0
26,36,1,1,0,0,0,0
937,26,1,0,0,0,0,0
12,37,1,0,1,0,0,0
701,27,1,7,1,0,0,0
237,27,1,0,1,0,0,0
467,8,1,2,0,0,0,1
858,26,1,0,1,0,0,0
477,24,1,0,1,0,0,0
1133,25,1,1,0,0,0,0
1100,24,1,1,0,0,0,1
52,34,1,0,1,0,0,0
262,34,1,1,0,0,0,0
1082,10,1,0,0,0,0,0
287,10,1,2,0,0,0,0
592,33,1,2,0,0,0,0
409,7,1,3,0,0,0,0
942,28,1,0,0,0,0,0
427,2,1,1,0,0,0,1
407,34,1,2,0,0,0,0
1208,16,1,0,0,0,0,0
1084,28,1,3,0,0,0,0
615,47,1,0,1,0,0,1
601,2,1,0,1,0,0,0
772,46,1,1,0,0,0,0
222,33,1,1,0,0,0,0
755,47,1,0,0,0,0,0
48,34,1,1,0,0,0,0
790,7,1,3,0,0,0,1
509,28,1,0,0,0,0,0
244,46,1,6,0,0,0,2
428,46,1,2,0,0,0,0
1012,7,1,2,0,0,0,2
648,16,1,0,1,0,0,0
788,28,1,1,0,0,0,0
597,34,1,2,0,0,0,0
351,7,1,1,0,0,0,1
589,16,1,0,1,0,0,0
131,34,1,2,0,0,0,0
1014,28,1,0,0,0,0,0
369,2,1,1,0,0,0,0
389,33,1,0,0,0,0,0
574,10,1,7,1,0,0,1
272,47,1,1,0,0,0,2
314,22,1,1,0,0,0,0
731,28,1,3,0,0,0,0
58,7,1,0,0,0,0,0
54,46,1,1,0,0,0,0
906,7,1,1,1,0,0,0
325,7,1,0,0,0,0,0
571,16,1,1,0,0,0,0
136,28,1,0,0,0,0,0
728,28,1,0,0,0,0,0
163,33,1,0,0,0,0,0
443,47,1,1,1,0,0,0
381,47,1,0,0,0,0,0
557,10,1,2,0,0,0,2
103,33,1,7,0,0,0,1
47,33,1,0,0,0,0,0
59,46,1,0,0,0,0,0
613,6,1,0,1,0,0,0
1125,6,1,3,1,0,0,0
363,6,1,1,1,0,0,0
137,14,1,0,0,0,0,1
1073,6,1,1,0,0,0,0
138,6,0,1,0,0,0,0
1050,14,0,0,0,0,0,0
430,14,0,0,0,0,0,0
545,14,0,0,0,0,0,0
649,14,0,0,0,0,0,0
605,14,0,1,0,0,0,1
657,14,0,0,0,0,0,0
1176,14,0,0,0,0,0,0
192,14,0,0,0,0,0,0
460,6,0,0,0,0,0,0
841,6,0,0,0,0,0,0
345,14,0,0,0,0,0,0
1106,14,0,0,0,0,0,0
1168,14,0,0,0,0,0,0
1175,14,0,2,0,0,0,0
135,14,0,0,0,0,0,0
783,6,0,0,0,0,0,0
549,14,0,0,0,0,0,0
1117,14,0,0,0,0,0,0
891,20,0,0,0,0,0,0
459,5,0,6,0,0,0,0
273,4,0,0,0,0,0,0
315,30,0,2,0,0,0,0
908,19,0,0,0,0,0,0
588,18,0,4,0,0,0,0
142,20,0,0,0,0,0,0
1077,35,0,0,0,0,0,0
827,4,0,0,0,0,0,0
109,13,0,0,0,0,0,1
1001,30,0,2,0,0,0,0
568,5,0,0,0,0,0,0
763,13,0,2,0,0,0,2
70,5,0,2,0,0,0,2
173,30,0,0,0,0,0,0
468,32,0,0,0,0,0,0
771,30,0,0,0,0,0,0
433,35,0,0,0,0,0,0
1237,5,0,0,0,0,0,0
1056,35,0,0,0,0,0,0
312,13,0,0,0,0,0,0
780,13,0,0,0,0,0,0
400,35,0,0,0,0,0,0
594,32,0,2,0,0,0,1
306,35,0,1,0,0,0,0
1165,13,0,0,0,0,0,0
1115,32,0,0,0,0,0,0
768,19,0,0,0,0,0,0
1053,35,0,0,0,0,0,0
672,18,0,0,0,0,0,0
516,13,0,0,0,0,0,0
1167,18,0,0,0,0,0,0
587,18,0,1,1,0,0,0
548,32,0,0,0,0,0,0
51,4,0,0,0,0,0,0
778,30,0,0,0,0,0,0
603,35,0,0,0,0,0,0
395,4,0,0,0,0,0,0
740,30,0,0,0,0,0,0
250,38,0,0,0,0,0,0
515,18,0,0,0,0,0,0
995,4,0,0,0,0,0,0
834,5,0,0,0,0,0,0
63,4,0,0,0,0,0,0
743,19,0,0,0,0,0,0
490,19,0,0,0,0,0,0
432,35,0,0,0,0,0,0
1096,5,0,0,0,0,0,0
431,35,0,0,0,0,0,0
404,32,0,0,0,0,0,0
681,13,0,0,0,0,0,0
933,30,0,1,0,0,0,0
964,19,0,3,0,0,0,2
1153,30,0,3,0,0,0,1
319,13,0,0,0,0,0,0
202,19,0,0,0,0,0,0
926,13,0,0,0,0,0,0
978,4,0,0,0,0,0,0
909,20,0,0,0,0,0,0
948,20,0,0,0,0,0,0
675,5,0,0,0,0,0,0
333,32,0,0,0,0,0,0
762,4,0,0,0,0,0,0
288,4,0,0,0,0,0,0
735,13,0,0,0,0,0,0
450,30,0,0,0,0,0,0
724,19,0,0,0,0,0,0
833,19,0,2,0,0,0,0
62,20,0,0,0,0,0,0
528,20,0,0,0,0,0,0
631,30,0,2,0,0,0,0
307,35,0,1,0,0,0,0
1036,19,0,0,0,0,0,0
1150,5,0,0,0,0,0,0
706,20,0,0,0,0,0,0
799,30,0,0,0,0,0,0
754,20,0,2,0,0,0,0
796,5,0,0,0,0,0,0
285,18,0,0,0,0,0,0
606,20,0,7,0,0,0,0
527,18,0,0,0,0,0,0
1037,30,0,0,0,0,0,0
1145,32,0,3,0,0,0,0
955,32,0,0,0,0,0,0
607,13,0,3,0,0,0,0
791,35,0,0,0,0,0,0
949,18,0,0,0,0,0,0
64,4,0,1,0,0,0,0
313,13,0,1,0,0,0,0
596,30,0,0,0,0,0,0
116,20,0,0,0,0,0,0
1081,32,0,0,0,0,0,0
542,12,0,0,0,0,0,0
611,22,0,0,0,0,0,0
214,22,0,0,0,0,0,0
230,29,0,1,0,0,0,0
10,21,0,0,0,0,0,0
1002,44,0,0,0,0,0,0
1216,29,0,4,0,0,0,0
422,12,0,1,0,0,0,0
95,12,0,2,0,0,0,1
346,12,0,0,0,0,0,0
692,21,0,1,0,0,0,0
751,39,0,0,0,0,0,0
1136,17,0,0,0,0,0,0
350,12,0,0,0,0,0,0
484,17,0,0,0,0,0,0
318,22,0,1,1,0,0,0
189,40,0,0,0,0,0,0
179,21,0,1,0,0,0,0
876,39,0,2,0,0,0,0
645,8,0,0,0,0,0,0
155,44,0,1,0,0,0,0
425,8,0,1,0,0,0,0
366,12,0,0,0,0,0,0
883,44,0,0,0,0,0,0
851,12,0,0,0,0,0,0
572,9,0,0,0,0,0,0
1198,22,0,0,0,0,0,0
843,17,0,0,0,0,0,0
245,21,0,0,0,0,0,0
338,44,0,1,0,0,0,1
604,21,0,0,0,0,0,0
487,39,0,2,0,0,0,0
744,17,0,0,0,0,0,0
91,9,0,0,0,0,0,0
1062,44,0,0,0,0,0,0
67,22,0,0,0,0,0,0
662,44,0,0,0,0,0,0
950,40,0,0,0,0,0,0
877,17,0,5,1,0,0,0
566,8,0,4,0,0,0,0
46,12,0,0,0,0,0,0
503,44,0,2,0,0,0,0
885,29,0,0,0,0,0,0
170,39,0,0,0,0,0,0
1018,44,0,0,0,0,0,0
580,22,0,0,1,0,0,0
143,39,0,0,0,0,0,0
1142,40,0,0,0,0,0,0
945,12,0,1,0,0,0,0
1139,8,0,1,0,0,0,0
344,44,0,1,0,0,0,0
146,21,0,0,0,0,0,0
539,40,0,0,0,0,0,0
889,17,0,0,0,0,0,0
1110,12,0,0,0,0,0,0
773,22,0,0,0,0,0,0
741,40,0,1,0,0,0,0
1204,22,0,0,0,0,0,0
967,9,0,0,0,0,0,0
34,29,0,0,0,0,0,0
171,39,0,2,0,0,0,0
168,21,0,0,0,0,0,0
1076,29,0,1,0,0,0,0
236,39,0,0,0,0,0,0
972,12,0,0,0,0,0,0
963,12,0,0,0,0,0,0
331,39,0,0,0,0,0,0
120,44,0,0,0,0,0,2
1112,40,0,0,0,0,0,0
72,9,0,0,0,0,0,0
299,22,0,0,0,0,0,0
665,40,0,0,0,0,0,0
880,44,0,0,0,0,0,0
1220,39,0,0,0,0,0,0
283,9,0,0,0,0,0,0
413,22,0,0,0,0,0,0
583,9,0,1,0,0,0,0
21,44,0,0,0,0,0,0
874,44,0,1,0,0,0,0
126,39,0,0,0,0,0,0
540,9,0,0,0,0,0,0
1207,12,0,3,0,0,0,0
1226,29,0,0,0,0,0,0
1048,40,0,0,0,0,0,0
636,39,0,0,0,0,0,0
1079,40,0,0,0,0,0,0
965,12,0,0,0,0,0,0
194,21,0,1,0,0,0,1
1026,40,0,0,0,0,0,0
953,44,0,1,0,0,0,1
847,17,0,0,0,0,0,0
690,8,0,2,0,0,0,0
174,12,0,1,0,0,0,0
235,29,0,0,0,0,0,0
686,31,0,0,0,0,0,0
165,48,0,0,0,0,0,0
122,42,0,7,0,0,0,1
57,31,0,0,0,0,0,0
358,41,0,0,0,0,0,0
1180,48,0,1,0,0,0,0
17,48,0,0,0,0,0,0
473,42,0,0,0,0,0,0
275,15,0,1,0,0,0,0
322,6,0,0,0,0,0,0
717,31,0,0,0,0,0,0
398,31,0,0,0,0,0,0
536,15,0,2,0,0,0,0
522,42,0,0,0,0,0,0
646,42,0,1,0,0,0,0
1074,45,0,0,0,0,0,0
893,31,0,0,0,0,0,0
531,48,0,0,0,0,0,0
41,48,0,3,0,0,0,0
380,48,0,2,0,0,0,0
1177,45,0,0,0,0,0,0
709,38,0,0,0,0,0,0
1179,41,0,3,0,0,0,0
1051,38,0,0,0,0,0,0
92,45,0,0,0,0,0,0
738,15,0,0,0,0,0,0
311,38,0,0,0,0,0,0
946,45,0,2,0,0,0,0
178,31,0,0,0,0,0,0
1178,48,0,0,0,0,0,0
1089,38,0,0,0,0,0,0
1183,41,0,0,0,0,0,0
102,6,0,0,0,0,0,0
577,38,0,0,0,0,0,0
839,3,0,0,0,0,0,0
55,41,0,0,0,0,0,0
976,3,0,0,0,0,0,0
186,48,0,0,0,0,0,0
210,3,0,0,0,0,0,0
829,15,0,3,0,0,0,0
439,43,0,3,0,0,0,0
117,38,0,0,0,0,0,0
445,42,0,0,0,0,0,0
185,41,0,0,0,0,0,0
151,3,0,1,0,0,0,0
211,3,0,0,0,0,0,0
923,6,0,0,0,0,0,0
290,15,0,1,0,0,0,0
960,48,0,0,0,0,0,0
276,15,0,0,0,0,0,0
803,42,0,1,0,0,0,0
1174,38,0,0,0,0,0,0
634,3,0,1,0,0,0,0
562,41,0,0,0,0,0,0
479,15,0,0,0,0,0,0
215,42,0,0,0,0,0,0
683,42,0,0,0,0,0,0
1185,42,0,0,0,0,0,0
820,45,0,0,0,0,0,0
1129,42,0,2,0,0,0,0
386,45,0,3,0,0,0,0
359,42,0,0,0,0,0,0
787,15,0,0,0,0,0,0
243,43,0,0,0,0,0,0
268,42,0,0,0,0,0,1
982,3,0,0,0,0,0,0
469,42,0,0,0,0,0,0
523,48,0,0,0,0,0,0
177,31,0,1,0,0,0,0
632,45,0,0,0,0,0,0
784,41,0,0,0,0,0,0
56,31,0,0,0,0,0,0
280,41,0,0,0,0,0,0
652,45,0,2,0,0,0,0
281,15,0,0,0,0,0,0
213,45,0,1,0,0,0,0
150,48,0,0,0,0,0,0
208,31,0,0,0,0,0,0
493,48,0,0,0,0,0,1
677,31,0,0,0,0,0,0
147,43,0,0,0,0,0,0
1102,48,0,0,0,0,0,0
785,43,0,0,0,0,0,0
499,45,0,0,0,0,0,0
1231,43,0,0,0,0,0,0
759,41,0,0,0,0,0,0
934,43,0,0,0,0,0,0
927,6,0,0,0,0,0,0
559,15,0,0,0,0,0,0
806,31,0,1,0,0,0,0
1190,15,0,1,0,0,0,0
793,3,0,0,0,0,0,0
915,41,0,1,0,0,0,0
554,31,0,1,0,0,0,0
520,3,0,0,1,0,0,0
206,45,0,0,0,0,0,0
828,31,0,0,0,0,0,0
418,38,0,0,0,0,0,0
532,15,0,0,0,0,0,0
66,15,0,2,0,0,0,0
355,43,0,0,0,0,0,0
550,16,0,0,0,0,0,0
1038,33,0,0,0,0,0,0
252,46,0,0,0,0,0,0
357,33,0,1,0,0,0,0
641,22,0,0,0,0,0,0
112,10,0,0,0,0,0,0
426,47,0,0,0,0,0,0
765,2,0,2,0,0,0,0
419,2,0,0,0,0,0,0
387,47,0,0,0,0,0,0
954,28,0,2,0,0,0,0
654,10,0,0,0,0,0,0
229,33,0,0,0,0,0,0
278,10,0,0,0,0,0,0
270,7,0,0,0,0,0,0
191,34,0,0,0,0,0,0
415,34,0,0,0,0,0,0
730,33,0,0,0,0,0,0
567,47,0,0,0,0,0,0
602,47,0,0,0,0,0,0
324,7,0,0,0,0,0,0
1008,34,0,1,0,0,0,0
957,34,0,3,0,0,0,0
453,46,0,0,0,0,0,1
20,33,0,0,0,0,0,0
45,16,0,1,0,0,0,0
348,2,0,1,0,0,0,0
798,47,0,1,0,0,0,1
958,33,0,0,0,0,0,0
1047,47,0,0,0,0,0,0
442,28,0,0,0,0,0,0
88,7,0,0,0,0,0,0
436,16,0,0,0,0,0,0
414,34,0,0,0,0,0,0
115,16,0,1,0,0,0,0
575,28,0,2,1,0,0,0
118,33,0,1,0,0,0,0
1043,47,0,0,0,0,0,0
579,16,0,4,0,0,0,0
217,28,0,0,0,0,0,0
289,16,0,0,0,0,0,0
71,28,0,0,0,0,0,0
94,10,0,0,0,0,0,0
1040,47,0,0,0,0,0,0
327,33,0,0,0,0,0,0
705,7,0,0,0,0,0,0
196,7,0,0,0,0,0,0
801,46,0,0,0,0,0,0
1222,10,0,1,0,0,0,0
226,28,0,0,0,0,0,0
1155,46,0,2,0,0,0,0
526,10,0,5,0,0,0,0
616,2,0,0,0,0,0,0
1085,47,0,0,0,0,0,0
470,16,0,0,0,0,0,0
239,46,0,0,0,0,0,0
376,47,0,0,0,0,0,0
1083,47,0,0,0,0,0,0
1215,22,0,1,0,0,0,0
201,47,0,1,0,0,0,0
502,33,0,0,0,0,0,2
1196,7,0,0,0,0,0,0
371,34,0,0,0,0,0,0
570,46,0,2,0,0,0,1
870,16,0,0,0,0,0,0
617,10,0,0,0,0,0,0
1199,10,0,0,0,0,0,0
384,16,0,0,0,0,0,0
228,33,0,0,0,0,0,0
777,7,0,2,0,0,0,1
68,34,0,0,0,0,0,0
349,47,0,0,0,0,0,0
212,10,0,0,0,0,0,0
93,28,0,2,0,0,0,0
800,46,0,2,0,0,0,0
733,7,0,1,0,0,0,0
591,10,0,0,0,0,0,0
257,10,0,1,0,0,0,0
1099,47,0,0,0,0,0,0
125,16,0,0,0,0,0,0
618,10,0,1,0,0,0,0
805,46,0,0,0,0,0,0
1181,2,0,1,0,0,0,0
761,8,0,0,0,0,0,0
377,23,0,0,0,0,0,0
671,27,0,0,0,0,0,0
32,23,0,0,0,0,0,0
1227,25,0,0,0,0,0,0
1241,37,0,0,0,0,0,0
104,24,0,0,0,0,0,0
465,37,0,0,0,0,0,0
33,23,0,1,0,0,0,0
1114,27,0,4,0,0,0,2
721,1,0,0,0,0,0,0
412,8,0,0,0,0,0,2
697,27,0,0,0,0,0,0
823,36,0,0,0,0,0,0
2,11,0,0,0,0,0,0
81,37,0,0,0,0,0,0
105,24,0,0,0,0,0,0
29,23,0,1,0,0,0,0
857,26,0,0,0,0,0,0
1126,8,0,0,0,0,0,0
238,27,0,0,0,0,0,0
476,24,0,0,0,0,0,0
23,1,0,0,0,0,0,1
266,24,0,0,0,0,0,0
901,37,0,0,0,0,0,0
511,36,0,3,0,0,0,0
802,11,0,0,0,0,0,0
547,37,0,0,0,0,0,0
524,23,0,1,0,0,0,0
947,27,0,1,0,0,0,0
36,37,0,0,0,0,0,0
42,36,0,4,0,0,0,2
651,25,0,0,0,0,0,0
863,37,0,1,0,0,0,0
1225,23,0,0,0,0,0,0
1064,26,0,0,0,0,0,0
37,23,0,0,0,0,0,0
966,1,0,1,0,0,0,0
973,27,0,1,0,0,0,0
1131,36,0,0,0,0,0,0
940,8,0,3,0,0,0,0
411,11,0,0,0,0,0,0
379,1,0,0,0,0,0,0
865,23,0,0,0,0,0,0
106,26,0,0,0,0,0,0
639,36,0,2,0,0,0,0
716,8,0,0,0,0,0,0
417,11,0,0,0,0,0,0
890,1,0,0,0,0,0,0
561,27,0,0,0,0,0,0
16,37,0,2,0,0,0,0
661,37,0,0,0,0,0,0
669,27,0,0,0,0,0,0
90,36,0,0,0,0,0,0
815,24,0,0,0,0,0,0
1124,8,0,2,0,0,0,0
139,11,0,4,0,0,0,0
1049,24,0,0,0,0,0,0
1005,26,0,0,0,0,0,0
294,24,0,0,0,0,0,0
986,24,0,0,0,0,0,0
1171,25,0,1,0,0,0,0
642,25,0,1,0,0,0,0
1068,37,0,0,0,0,0,0
19,1,0,0,0,0,0,0
643,25,0,0,0,0,0,0
879,37,0,4,0,0,0,0
1075,1,0,0,0,0,0,0
816,1,0,0,0,0,0,0
884,23,0,0,0,0,0,0
859,26,0,0,0,0,0,0
1219,26,0,0,0,0,0,0
247,8,0,0,0,0,0,0
320,11,0,0,0,0,0,0
670,27,0,0,0,0,0,0
40,23,0,3,0,0,0,0
856,26,0,0,0,0,0,0
997,8,0,3,0,0,0,0
845,1,0,0,0,0,0,0
595,11,0,1,0,0,0,0
1116,27,0,0,0,0,0,0
169,27,0,0,0,0,0,0
86,24,0,1,0,0,0,0
726,36,0,0,0,0,0,1
1164,25,0,0,0,0,0,0
141,24,0,1,0,0,0,0
1239,1,0,0,0,0,0,1
1240,25,0,1,0,0,0,0
1147,11,0,1,0,0,0,0
1069,24,0,2,0,0,0,0
1191,8,0,3,0,0,0,0
464,37,0,1,0,0,0,0
43,37,0,0,0,0,0,0
864,36,0,0,0,0,0,0
1066,36,0,0,0,0,0,0
667,27,0,1,0,0,0,0
855,26,0,0,0,0,0,0
38,1,0,5,0,0,0,0
119,1,0,2,0,0,0,0
534,1,0,0,0,0,0,0
28,37,0,0,0,0,0,0
5,26,0,0,0,0,0,0
775,23,0,2,0,0,0,0
1157,11,0,0,0,0,0,0
1217,1,0,0,0,0,0,0
354,27,0,1,0,0,0,0
80,37,0,2,0,0,0,0
488,26,0,0,0,0,0,0
713,11,0,0,0,0,0,0
938,26,0,0,0,0,0,0
