player_id,team_id,passes,passes completed,passing_accuracy,crosses,crossing_accuracy,take ons completed,defensive_linebreaks_attempted,defensive_linebreaks_accuracy,switches_of_play_attempted,switches_of_play_accuracy
1039,41,694,648,93,3,0,1,16,94,5,80
157,41,568,533,94,0,0,0,10,60,7,100
981,41,566,547,97,1,0,0,6,67,1,100
695,2,521,496,95,2,50,1,5,60,6,100
353,2,483,448,93,5,40,5,20,75,8,88
753,43,479,444,93,0,0,0,8,88,8,100
437,43,470,427,91,4,0,2,15,47,8,100
758,18,455,442,97,0,0,2,8,88,4,75
18,29,449,402,90,38,32,11,7,86,6,83
370,18,440,423,96,3,0,1,3,100,3,67
910,43,438,406,93,0,0,3,2,50,5,100
342,18,434,385,89,6,50,1,17,71,10,90
903,29,433,405,94,0,0,1,3,0,3,67
409,7,431,413,96,0,0,0,2,50,2,100
284,19,429,396,92,0,0,2,6,67,4,100
1080,32,425,412,97,2,0,1,4,75,2,100
714,2,424,401,95,3,0,2,9,67,1,100
987,41,410,364,89,14,36,2,14,71,2,100
1188,35,403,379,94,0,0,2,7,71,11,100
69,2,400,368,92,1,0,1,2,0,3,100
193,5,399,369,92,0,0,1,4,50,2,100
757,41,389,358,92,13,23,1,12,50,2,100
253,2,389,378,97,0,0,3,1,0,0,0
1009,1,385,359,93,0,0,1,8,38,1,100
38,1,382,357,93,0,0,0,5,20,10,90
777,7,380,367,97,1,100,0,4,75,6,100
584,20,375,364,97,1,0,1,3,100,1,100
606,20,368,336,91,25,20,1,9,56,2,100
782,32,367,322,88,16,19,3,18,56,0,0
282,10,361,324,90,0,0,1,10,20,6,100
533,30,360,335,93,1,0,1,5,60,4,75
826,19,360,311,86,20,25,16,26,73,2,100
756,17,357,313,88,8,38,0,15,47,8,100
621,19,349,310,89,15,13,0,7,43,0,0
1187,30,347,330,95,0,0,1,1,100,1,100
1024,35,336,320,95,0,0,1,4,50,1,100
712,2,332,261,79,41,41,22,32,63,5,80
510,29,326,299,92,0,0,0,3,0,1,100
1023,43,324,299,92,5,20,0,7,71,2,0
1200,19,315,307,97,0,0,1,1,0,2,100
167,29,315,281,89,6,33,8,17,65,3,100
24,19,311,286,92,2,0,2,11,73,1,100
990,41,305,274,90,16,31,3,12,33,7,100
1166,32,301,282,94,0,0,1,4,25,0,0
1042,2,298,274,92,12,42,2,9,67,1,100
1155,46,298,281,94,0,0,2,6,33,5,100
991,16,297,269,91,7,43,1,9,56,2,100
869,16,295,264,89,16,44,0,13,54,3,100
1028,43,295,243,82,17,18,1,24,33,4,50
269,7,294,262,89,7,29,1,6,50,1,100
240,46,291,277,95,0,0,0,2,0,2,100
448,10,290,264,91,2,0,4,4,50,3,67
882,39,290,271,93,2,50,0,1,100,4,75
558,10,285,262,92,0,0,1,6,17,12,100
54,46,283,256,90,4,0,13,9,67,4,75
679,39,283,255,90,10,40,6,4,75,1,100
849,17,282,245,87,17,24,4,9,56,1,100
941,35,282,239,85,21,29,8,17,53,4,100
1122,9,281,244,87,42,38,2,15,60,3,100
496,40,280,257,92,0,0,0,2,50,2,50
888,1,280,255,91,1,0,0,3,67,1,0
203,35,278,239,86,22,23,3,20,65,10,90
939,29,275,251,91,4,0,5,5,40,0,0
317,7,275,256,93,6,17,0,5,60,0,0
546,10,274,242,88,2,50,1,2,0,1,100
682,32,273,256,94,2,100,3,1,100,0,0
396,20,271,223,82,12,42,14,15,67,2,100
491,39,270,243,90,1,0,0,8,63,5,100
1179,41,269,219,81,0,0,0,3,33,2,100
964,19,268,214,80,35,17,9,26,62,6,83
608,13,267,241,90,0,0,3,4,0,7,71
723,19,267,237,89,16,6,0,8,50,1,100
588,18,265,190,72,0,0,0,12,42,3,33
162,29,264,237,90,0,0,6,1,100,1,100
1156,5,263,230,87,20,35,1,8,75,2,50
752,19,263,242,92,1,0,2,3,100,2,50
565,35,261,247,95,2,50,3,9,56,3,67
49,20,260,240,92,1,0,1,1,0,1,100
1214,17,260,239,92,0,0,2,1,0,1,100
1224,5,255,221,87,14,21,3,10,50,5,60
439,43,255,190,75,0,0,0,6,0,2,50
148,19,254,239,94,2,0,0,1,100,2,100
1052,35,249,233,94,0,0,1,6,33,1,100
892,2,249,215,86,6,0,1,5,40,1,100
286,18,248,225,91,36,33,2,10,50,4,75
734,13,248,225,91,9,44,2,9,44,2,100
130,20,246,230,93,1,0,0,4,25,0,0
809,5,246,203,83,16,25,3,9,44,2,100
373,41,246,220,89,7,29,0,11,64,3,100
1010,17,244,224,92,0,0,0,2,50,8,50
378,1,244,220,90,7,0,3,10,50,3,100
406,30,243,224,92,0,0,1,5,80,2,100
13,45,242,222,92,6,33,1,3,33,5,60
89,9,240,184,77,24,25,3,17,53,2,100
556,10,240,227,95,6,17,6,7,71,3,100
1201,16,238,217,91,0,0,1,2,0,0,0
184,29,238,186,78,14,14,6,23,65,2,100
1048,40,237,179,76,0,0,0,7,29,3,67
526,10,237,199,84,17,29,2,14,50,9,67
575,28,237,221,93,0,0,0,4,50,1,100
698,27,236,217,92,4,0,1,3,0,4,100
1172,46,231,211,91,0,0,0,6,67,1,100
920,5,230,197,86,8,38,0,8,0,1,100
794,47,226,213,94,3,0,1,6,50,3,100
668,27,226,221,98,0,0,1,0,0,0,0
230,29,226,212,94,0,0,1,1,0,1,100
220,7,224,200,89,4,25,1,8,50,4,100
274,4,222,198,89,1,0,0,5,80,1,0
619,18,221,185,84,9,11,12,20,45,5,100
128,46,221,181,82,18,22,10,13,46,2,50
50,3,221,177,80,1,0,1,10,60,4,75
1195,46,220,173,79,11,27,6,27,74,4,75
896,5,219,205,94,0,0,0,4,25,4,100
483,27,218,193,89,3,67,1,5,80,2,100
912,18,216,200,93,6,50,4,6,67,2,100
267,10,213,194,91,9,22,0,5,20,0,0
812,40,213,185,87,2,0,2,7,57,3,67
689,41,212,181,85,35,20,30,32,72,3,100
1216,29,211,142,67,0,0,0,9,0,0,0
348,2,211,161,76,0,0,0,8,25,0,0
1016,1,211,190,90,9,0,12,7,57,0,0
833,19,210,164,78,0,0,0,3,33,1,100
789,13,208,198,95,0,0,2,3,67,2,100
347,17,207,176,85,3,0,3,7,57,3,100
444,42,206,173,84,1,0,1,7,57,1,100
955,32,204,138,68,0,0,0,6,0,2,50
265,41,203,186,92,1,0,12,15,73,2,100
1030,9,202,167,83,4,25,2,15,60,1,100
212,10,202,157,78,0,0,0,10,20,0,0
574,10,202,161,80,12,17,0,8,38,1,100
1034,28,201,163,81,34,32,7,17,47,1,100
708,38,201,185,92,9,11,0,3,33,1,100
1182,42,200,190,95,0,0,0,3,67,1,100
204,7,200,161,81,12,17,0,15,33,4,75
259,25,200,170,85,4,50,1,6,50,3,100
699,27,200,183,92,2,50,0,3,33,1,100
769,13,200,182,91,0,0,0,1,0,1,100
696,5,199,171,86,11,45,10,11,55,4,75
685,19,199,173,87,9,11,24,26,77,9,89
360,28,199,182,91,2,100,2,2,0,5,100
462,3,199,171,86,0,0,1,8,38,3,33
472,25,199,178,89,10,20,0,11,27,2,50
622,2,198,170,86,1,0,3,2,50,4,100
1150,5,198,144,73,0,0,0,5,0,0,0
133,45,198,170,86,14,29,6,9,67,5,80
53,41,198,162,82,37,19,3,16,63,2,100
1138,40,196,176,90,3,0,1,6,50,4,100
305,8,195,158,81,0,0,0,8,13,9,44
719,9,191,170,89,1,0,0,6,67,1,0
866,17,191,169,88,2,0,2,7,29,6,100
489,12,190,172,91,1,0,0,4,50,1,100
727,7,190,162,85,5,0,2,8,63,1,100
454,45,190,171,90,10,10,0,5,60,7,86
998,16,189,160,85,15,13,2,13,31,0,0
707,20,189,161,85,11,18,7,9,44,0,0
401,12,188,165,88,4,0,2,13,46,2,50
664,40,187,168,90,5,20,3,5,20,0,0
277,32,186,162,87,7,14,3,7,43,0,0
656,5,185,153,83,21,24,5,21,48,2,100
291,43,185,160,86,14,14,3,10,70,0,0
1021,18,184,169,92,11,27,2,8,38,3,33
578,18,184,178,97,0,0,0,1,100,3,100
563,35,184,160,87,12,33,6,9,56,4,75
1004,1,183,168,92,5,40,3,3,67,0,0
598,33,183,169,92,1,0,1,1,100,2,100
31,17,182,163,90,7,14,1,11,64,0,0
423,21,182,156,86,3,0,1,6,33,2,100
997,8,182,153,84,0,0,0,7,14,5,60
517,38,180,171,95,0,0,0,2,0,1,0
296,30,179,147,82,17,29,1,13,54,0,0
405,32,178,158,89,4,25,1,5,20,1,100
110,33,178,147,83,8,0,0,7,29,5,80
922,2,177,158,89,4,25,0,7,43,0,0
301,19,175,148,85,5,40,9,14,43,2,100
386,45,175,161,92,4,0,1,9,78,1,0
977,32,174,161,93,13,38,5,1,0,2,100
1041,47,174,157,90,3,0,4,2,50,0,0
1091,6,173,141,82,9,11,1,5,20,0,0
35,3,172,142,83,8,50,3,12,42,3,33
1093,47,172,154,90,1,0,0,4,50,3,100
776,31,171,156,91,2,50,2,9,44,1,100
1149,2,170,154,91,1,0,3,2,50,2,100
227,28,170,156,92,2,0,0,5,40,2,100
297,9,170,151,89,1,0,0,2,50,1,0
139,11,169,141,83,14,21,2,6,67,5,80
555,28,167,140,84,19,21,3,11,18,2,100
729,10,166,145,87,6,17,7,14,50,10,100
1191,8,166,117,70,0,0,1,2,0,0,0
107,29,166,152,92,3,0,0,1,100,0,0
190,29,165,142,86,8,38,15,13,46,0,0
925,6,165,148,90,0,0,0,1,0,0,0
459,5,164,153,93,3,0,1,2,50,2,100
655,4,164,147,90,1,0,2,1,0,1,100
140,5,164,153,93,0,0,0,0,0,0,0
440,12,163,143,88,11,45,0,9,56,2,100
749,46,163,129,79,15,27,7,18,50,2,100
918,2,163,156,96,0,0,0,1,100,1,100
607,13,162,140,86,5,20,2,9,67,3,100
231,11,162,130,80,4,0,2,7,43,3,100
970,39,161,138,86,3,33,1,13,54,5,100
687,15,160,135,84,2,50,0,2,50,1,100
132,25,160,145,91,0,0,3,1,0,0,0
308,18,160,142,89,9,0,4,12,75,0,0
957,34,159,68,43,0,0,0,10,0,1,100
701,27,159,140,88,20,25,9,12,75,7,86
658,8,156,134,86,1,0,3,1,0,3,67
152,11,155,140,90,0,0,0,0,0,2,100
989,35,155,137,88,13,23,7,11,73,2,50
1014,28,155,120,77,0,0,0,4,0,1,100
927,6,155,94,61,0,0,0,4,0,0,0
350,12,154,142,92,0,0,0,1,0,0,0
1137,6,153,132,86,0,0,1,3,67,3,100
1125,6,153,137,90,0,0,0,2,100,2,50
332,28,153,138,90,2,50,1,3,0,4,75
921,4,153,141,92,3,33,0,2,100,1,100
113,38,153,124,81,11,36,1,7,14,3,33
1152,21,152,134,88,0,0,1,4,50,0,0
764,41,152,142,93,6,33,1,5,80,0,0
969,27,152,135,89,1,0,0,7,43,1,100
457,22,151,146,97,1,0,0,2,50,1,100
513,13,150,132,88,19,16,2,9,56,1,100
676,4,150,130,87,7,14,3,8,63,0,0
624,32,149,131,88,14,50,3,13,46,0,0
945,12,149,141,95,0,0,0,1,100,0,0
422,12,149,124,83,9,22,9,9,44,2,100
40,23,148,126,85,0,0,4,3,33,1,100
44,16,148,140,95,4,0,0,3,33,0,0
435,16,147,118,80,9,11,8,8,38,1,100
877,17,147,114,78,0,0,0,3,0,0,0
408,42,147,112,76,5,20,1,7,14,2,100
1033,1,147,127,86,9,33,0,9,67,6,100
1078,11,147,122,83,1,100,0,6,17,4,100
391,31,145,135,93,0,0,0,1,100,0,0
569,31,143,120,84,0,0,2,0,0,1,100
1209,12,142,127,89,21,24,15,15,53,1,100
1186,7,142,116,82,15,40,23,21,76,4,100
486,1,141,111,79,1,0,12,13,46,1,100
818,23,141,115,82,3,67,0,13,23,1,100
1105,24,141,118,84,0,0,0,1,0,2,100
995,4,140,128,91,0,0,0,3,67,1,100
713,11,139,94,68,0,0,0,5,0,0,0
975,39,139,128,92,0,0,0,0,0,8,75
145,40,139,115,83,8,50,1,9,33,1,100
375,2,139,131,94,4,50,0,1,100,0,0
1206,4,138,130,94,1,0,1,1,100,0,0
3,11,137,109,80,7,29,2,5,60,0,0
1092,46,136,114,84,9,78,1,10,80,3,67
755,47,136,118,87,0,0,0,4,50,1,0
1025,22,136,121,89,0,0,0,5,40,1,100
853,17,136,112,82,16,19,4,9,44,0,0
623,28,135,111,82,4,50,5,7,100,2,100
443,47,134,119,89,10,30,1,8,75,1,100
88,7,132,107,81,0,0,1,3,0,1,100
1120,4,132,98,74,2,0,0,11,36,0,0
836,41,132,112,85,8,13,2,4,25,2,50
900,20,131,115,88,19,32,2,6,67,0,0
383,20,131,120,92,2,0,5,4,75,1,0
635,25,131,124,95,1,100,2,1,100,1,100
593,28,131,121,92,5,20,0,1,0,0,0
688,39,131,117,89,8,50,2,4,50,1,100
544,22,130,112,86,12,25,1,5,60,4,100
455,17,130,119,92,1,0,0,3,0,3,100
1063,39,129,106,82,22,27,10,14,71,2,100
1119,40,129,109,84,0,0,0,1,0,5,80
82,24,129,114,88,3,33,0,3,0,2,100
754,20,129,118,91,0,0,0,1,0,0,0
313,13,129,95,74,0,0,0,0,0,0,0
614,34,129,80,62,9,11,6,13,31,2,50
1238,23,128,118,92,1,100,5,2,50,5,100
500,42,128,122,95,0,0,0,1,0,1,100
1134,25,127,109,86,1,0,1,6,33,2,0
1104,25,127,122,96,1,0,0,1,0,0,0
994,13,127,110,87,6,17,2,5,20,1,100
760,4,126,94,75,30,33,3,16,69,1,100
1059,30,126,111,88,5,20,5,3,67,0,0
306,35,125,98,78,0,0,0,5,20,2,0
300,21,125,109,87,0,0,0,3,0,1,100
242,12,125,115,92,0,0,4,4,100,3,100
101,23,125,99,79,7,43,1,7,57,0,0
694,14,125,108,86,4,0,4,4,25,1,100
819,45,124,119,96,1,0,0,5,40,2,100
518,3,124,103,83,2,50,1,2,0,2,100
1057,48,123,101,82,0,0,0,4,0,1,100
173,30,123,89,72,0,0,0,2,0,0,0
64,4,123,106,86,0,0,0,0,0,0,0
1148,19,123,117,95,4,25,1,2,50,1,100
914,20,123,110,89,0,0,1,3,67,4,75
895,30,123,112,91,1,0,0,3,0,0,0
1097,27,123,113,92,11,27,0,6,83,0,0
810,9,123,92,75,0,0,0,2,0,1,0
458,44,123,94,76,9,33,2,11,55,7,71
976,3,122,79,65,0,0,0,3,0,0,0
647,45,121,108,89,8,13,8,10,70,1,0
560,33,121,108,89,0,0,3,2,0,2,50
381,47,120,98,82,8,0,2,12,67,5,100
581,21,120,105,88,0,0,0,0,0,4,75
1020,29,119,113,95,0,0,0,0,0,1,100
117,38,119,90,76,0,0,0,0,0,1,100
962,48,117,103,88,1,0,2,3,33,3,100
506,39,117,106,91,19,21,1,9,78,0,0
111,34,117,97,83,0,0,0,1,0,1,100
187,36,117,94,80,1,0,0,8,25,3,100
644,25,117,100,85,9,33,5,10,80,0,0
831,30,117,105,90,3,0,1,3,67,0,0
633,20,117,101,86,3,67,1,2,0,0,0
1151,5,116,98,84,8,38,1,8,38,2,50
271,22,116,102,88,2,0,1,1,0,3,100
1035,15,116,104,90,1,0,0,2,0,0,0
935,11,116,103,89,1,100,3,3,33,0,0
670,27,116,85,73,0,0,0,9,11,2,50
627,34,116,69,59,1,0,0,7,29,2,100
552,21,115,95,83,0,0,1,7,43,7,57
824,31,115,104,90,1,100,0,0,0,0,0
1207,12,114,74,65,0,0,0,1,100,0,0
640,17,113,99,88,2,0,1,2,50,1,100
872,44,113,107,95,0,0,0,0,0,4,75
797,34,113,82,73,4,25,2,6,33,0,0
571,16,113,101,89,0,0,1,2,50,1,100
123,18,113,96,85,10,20,10,18,72,0,0
1088,37,113,88,78,4,25,2,3,67,1,0
103,33,112,88,79,8,50,5,12,58,1,100
1101,14,112,95,85,0,0,1,3,33,1,100
781,22,111,93,84,6,0,1,6,33,3,100
868,9,111,96,86,0,0,0,4,50,1,100
937,26,111,84,76,0,0,4,10,40,5,80
959,32,111,102,92,2,0,6,5,20,0,0
507,45,111,104,94,1,0,3,2,50,2,100
1189,15,110,79,72,20,30,1,10,60,1,0
1076,29,110,100,91,1,0,1,4,50,1,100
65,32,110,88,80,5,20,2,5,100,0,0
678,25,110,107,97,0,0,0,1,100,0,0
1240,25,109,76,70,0,0,0,6,17,0,0
1124,8,109,88,81,4,75,3,3,0,0,0
897,38,109,94,86,2,0,1,3,0,1,100
326,33,109,96,88,5,40,2,3,67,4,100
344,44,109,99,91,0,0,0,3,0,2,100
919,12,109,93,85,10,30,5,10,60,0,0
504,9,108,93,86,2,0,2,0,0,0,0
586,3,107,94,88,8,38,8,8,38,1,100
1213,42,107,84,79,17,29,2,2,0,3,67
806,31,107,78,73,0,0,0,4,0,0,0
894,37,107,92,86,1,0,5,2,50,1,0
181,6,107,91,85,2,0,0,2,0,1,100
218,33,107,85,79,1,0,4,3,33,6,67
766,32,107,87,81,7,43,0,4,0,0,0
1218,26,106,94,89,0,0,2,1,0,0,0
530,8,106,87,82,6,33,0,3,33,0,0
1113,29,106,98,92,0,0,0,3,67,2,100
725,3,106,101,95,0,0,0,0,0,0,0
731,28,106,93,88,2,50,0,5,40,0,0
470,16,105,70,67,0,0,0,5,60,0,0
580,22,105,67,64,0,0,0,2,0,0,0
188,19,105,94,90,7,14,10,10,70,0,0
1108,8,105,87,83,11,9,3,3,33,0,0
1032,25,105,89,85,5,0,1,5,80,0,0
1007,1,105,97,92,0,0,0,2,100,5,100
850,37,104,97,93,1,0,1,6,67,3,100
721,1,104,91,88,0,0,0,0,0,0,0
108,32,104,89,86,7,14,4,9,56,2,50
525,20,104,86,83,8,0,10,9,67,0,0
579,16,104,85,82,9,44,9,9,67,1,0
512,6,104,96,92,12,58,2,2,50,3,100
582,9,103,76,74,6,0,1,10,60,1,100
958,33,103,74,72,0,0,0,2,0,2,100
911,2,103,85,83,9,44,4,8,63,0,0
615,47,103,89,86,12,0,0,4,75,0,0
509,28,102,93,91,2,50,0,2,0,6,67
1098,46,102,89,87,7,29,9,14,64,0,0
514,6,102,88,86,1,0,0,2,0,1,0
1159,35,102,98,96,0,0,0,0,0,2,50
438,38,101,94,93,0,0,0,5,40,3,100
298,8,101,87,86,1,100,0,2,50,1,100
303,34,101,80,79,2,0,2,4,25,2,100
248,30,100,79,79,10,10,7,18,67,1,0
461,18,99,73,74,3,33,1,11,55,2,100
255,35,99,86,87,1,0,0,4,25,0,0
704,32,99,84,85,0,0,0,0,0,4,25
1015,7,99,93,94,10,20,5,5,100,1,100
340,31,99,85,86,1,0,4,5,20,2,50
97,6,99,80,81,0,0,8,1,0,3,100
12,37,99,81,82,1,100,0,3,67,0,0
1065,24,99,78,79,0,0,1,4,50,0,0
961,40,99,82,83,7,14,5,3,33,1,100
844,44,98,81,83,0,0,0,1,0,1,0
1177,45,98,77,79,0,0,0,0,0,1,100
8,48,98,81,83,0,0,0,1,0,1,100
1006,24,98,68,69,17,29,1,12,50,0,0
6,26,97,70,72,0,0,0,1,0,0,0
1143,40,97,82,85,4,0,0,4,50,1,100
951,34,97,70,72,0,0,1,3,33,2,50
309,43,97,83,86,4,25,0,7,57,1,100
787,15,97,62,64,0,0,0,3,33,0,0
137,14,97,87,90,0,0,1,1,100,1,100
807,19,96,91,95,0,0,2,0,0,1,100
1090,38,96,87,91,0,0,4,1,100,2,100
876,39,95,64,67,0,0,0,2,0,1,100
505,29,95,80,84,7,29,4,8,75,1,100
1132,9,95,76,80,17,18,6,9,56,1,100
800,46,95,63,66,0,0,0,2,0,0,0
369,2,94,89,95,0,0,0,0,0,0,0
428,46,94,79,84,1,0,1,9,78,1,100
936,18,94,82,87,22,41,10,14,79,0,0
779,13,93,80,86,10,20,8,8,50,1,100
209,31,93,78,84,2,0,1,3,33,0,0
42,36,93,73,78,12,33,2,12,42,3,67
863,37,93,53,57,0,0,0,4,0,0,0
745,36,93,50,54,0,0,0,8,0,0,0
86,24,93,62,67,0,0,2,2,0,1,100
898,9,93,79,85,4,25,1,4,75,1,100
684,21,93,88,95,0,0,1,1,100,2,100
953,44,93,77,83,2,0,0,4,25,1,100
1197,12,92,79,86,1,0,3,0,0,0,0
264,43,92,73,79,13,15,8,10,50,0,0
786,21,91,75,82,8,25,1,4,75,1,100
1045,4,91,65,71,4,50,1,5,40,1,100
232,5,91,72,79,5,0,3,13,46,1,0
904,35,91,84,92,5,0,3,3,0,0,0
447,34,91,80,88,0,0,0,0,0,0,0
790,7,90,78,87,5,0,3,11,36,0,0
653,6,90,69,77,16,6,12,13,77,1,0
551,5,90,74,82,11,36,21,16,81,0,0
511,36,90,85,94,0,0,1,1,0,0,0
618,10,89,74,83,12,33,1,11,64,8,88
336,39,89,74,83,9,33,0,7,71,0,0
983,3,89,77,87,1,100,1,6,83,2,100
609,13,89,77,87,0,0,0,7,57,2,50
345,14,89,48,54,0,0,0,1,0,0,0
1055,43,88,65,74,24,25,7,16,44,0,0
711,31,88,75,85,6,17,2,4,25,0,0
722,42,88,80,91,2,0,2,2,100,0,0
372,43,87,71,82,16,0,2,10,40,2,100
1154,31,87,72,83,9,11,1,3,0,0,0
464,37,87,71,82,0,0,0,2,0,0,0
867,26,87,59,68,6,50,6,6,50,2,0
424,28,87,79,91,5,20,2,5,80,1,100
471,1,86,83,97,0,0,1,4,75,1,100
629,25,85,65,76,17,35,3,10,60,1,100
956,45,85,60,71,6,0,2,4,25,0,0
829,15,84,69,82,11,18,0,4,50,2,100
478,1,84,79,94,1,100,1,3,100,0,0
767,18,84,73,87,16,13,5,16,75,1,100
129,32,83,62,75,7,14,10,6,33,1,100
636,39,83,73,88,0,0,0,1,0,3,100
878,17,83,57,69,2,50,0,7,43,1,100
1003,35,82,71,87,8,50,12,8,63,2,50
164,3,82,60,73,6,17,1,1,0,1,100
835,41,82,72,88,1,0,2,3,67,1,100
1060,8,82,70,85,5,0,6,4,50,1,100
1070,37,81,58,72,2,0,7,4,75,1,100
1169,17,81,68,84,3,0,4,5,40,1,100
434,2,81,69,85,5,0,0,0,0,0,0
244,46,81,71,88,6,17,8,7,71,0,0
821,45,81,72,89,6,17,0,4,100,0,0
61,42,81,65,80,4,0,3,5,60,2,50
249,3,80,65,81,8,13,3,7,71,1,0
1210,44,80,54,68,7,29,3,8,13,1,100
984,4,80,68,85,1,0,3,4,75,1,100
837,24,80,66,83,4,0,6,4,75,0,0
931,26,80,62,78,0,0,5,7,43,2,100
449,34,80,57,71,4,0,0,6,17,3,100
225,33,79,69,87,0,0,4,2,100,0,0
1236,45,79,70,89,1,0,0,1,100,1,100
41,48,79,65,82,0,0,2,8,50,3,67
886,37,79,64,81,7,43,1,7,43,0,0
988,36,78,59,76,2,50,2,7,29,2,100
251,33,78,57,73,12,17,1,9,22,1,0
929,16,78,63,81,8,38,16,14,50,0,0
873,18,78,64,82,6,17,3,11,82,0,0
246,12,78,70,90,1,0,1,3,33,0,0
952,17,77,65,84,5,0,6,12,75,3,100
879,37,77,57,74,2,0,1,5,20,0,0
93,28,77,72,94,3,0,0,3,0,2,100
205,18,76,62,82,19,21,10,6,67,1,100
1017,19,76,64,84,2,0,1,7,43,1,100
830,43,76,66,87,6,0,2,3,33,0,0
388,41,76,58,76,5,0,2,11,45,0,0
1086,31,76,58,76,7,0,3,6,17,2,100
122,42,76,60,79,12,0,3,9,33,0,0
120,44,75,59,79,4,50,0,2,50,2,100
626,14,75,60,80,5,20,7,4,25,1,100
965,12,74,72,97,0,0,0,0,0,0,0
74,44,74,51,69,5,0,2,5,60,0,0
95,12,73,69,95,7,29,7,4,100,1,100
508,39,73,57,78,2,0,4,10,50,0,0
1109,43,73,57,78,4,25,0,5,40,1,100
522,42,73,39,53,0,0,0,6,17,0,0
1228,25,73,52,71,5,20,1,4,25,2,50
334,26,73,54,74,7,29,1,9,78,0,0
765,2,73,70,96,0,0,0,1,0,0,0
399,35,73,65,89,5,40,4,7,86,0,0
14,48,72,65,90,0,0,1,1,100,0,0
195,43,72,56,78,1,0,2,8,63,0,0
337,48,72,52,72,1,0,5,4,25,0,0
365,6,71,58,82,8,0,3,0,0,0,0
814,24,71,58,82,2,0,3,4,25,0,0
29,23,71,42,59,0,0,0,3,0,0,0
1232,23,71,63,89,0,0,1,0,0,1,0
387,47,71,57,80,0,0,0,1,0,0,0
691,2,71,60,85,2,50,1,2,50,0,0
1184,42,70,48,69,1,100,1,8,50,1,100
207,21,70,62,89,1,0,2,4,25,0,0
541,22,69,59,86,2,50,2,1,100,0,0
804,34,69,54,78,12,17,1,4,25,1,100
535,18,69,60,87,1,0,0,1,0,1,0
1223,11,69,60,87,2,0,1,5,40,0,0
639,36,69,65,94,0,0,0,4,50,0,0
861,24,69,49,71,1,0,0,3,33,1,0
907,11,69,60,87,0,0,1,1,100,0,0
80,37,68,56,82,0,0,0,4,75,5,80
625,34,68,55,81,7,43,11,3,33,2,50
25,47,68,61,90,9,33,2,5,60,0,0
1173,31,68,49,72,0,0,1,6,33,2,50
127,21,68,52,76,5,0,5,5,60,0,0
487,39,67,63,94,8,13,4,9,44,0,0
710,9,67,50,75,10,20,4,8,50,0,0
60,42,67,51,76,3,0,4,3,67,1,100
534,1,67,56,84,0,0,5,1,0,0,0
429,2,67,60,90,4,0,1,3,100,0,0
832,34,67,49,73,4,0,6,6,67,0,0
256,30,67,56,84,8,13,5,6,83,0,0
1153,30,67,53,79,15,40,0,4,50,0,0
1219,26,66,42,64,0,0,0,3,33,0,0
1161,15,66,55,83,0,0,1,1,0,3,100
683,42,66,45,68,0,0,0,3,67,1,100
254,3,66,52,79,13,23,11,9,56,0,0
1013,28,66,48,73,1,0,1,8,63,0,0
302,14,66,55,83,0,0,4,3,33,0,0
30,36,65,59,91,0,0,0,2,0,1,100
75,9,65,51,78,15,20,3,5,40,1,100
410,7,65,59,91,3,33,1,3,67,0,0
66,15,65,52,80,5,40,3,1,0,3,33
1233,23,64,53,83,0,0,0,3,0,1,100
862,37,64,51,80,3,0,0,4,25,1,0
1072,24,64,45,70,1,100,3,6,50,2,100
96,5,64,57,89,0,0,1,1,100,0,0
996,4,64,56,88,6,0,0,2,50,0,0
924,9,64,52,81,4,25,0,8,63,1,100
605,14,63,49,78,1,0,2,3,33,0,0
650,38,63,56,89,2,50,1,2,100,0,0
1141,30,63,54,86,4,50,0,2,50,2,100
715,14,62,50,81,1,100,2,4,50,0,0
566,8,62,52,84,5,0,1,6,67,0,0
216,22,61,54,89,2,50,0,1,0,0,0
1130,14,61,51,84,0,0,9,11,64,0,0
1071,45,61,52,85,1,0,0,3,33,2,100
992,16,61,55,90,3,0,0,3,0,0,0
200,28,60,53,88,6,0,1,2,50,1,100
331,39,60,49,82,0,0,0,0,0,1,100
394,4,60,55,92,1,0,0,5,80,0,0
564,35,60,47,78,4,0,5,9,33,0,0
182,35,59,55,93,0,0,1,0,0,0,0
179,21,59,41,69,0,0,0,4,25,0,0
495,39,59,53,90,2,0,6,4,50,0,0
700,27,59,46,78,1,0,0,2,100,1,0
166,48,59,48,81,6,0,1,3,0,1,100
356,45,59,52,88,4,25,2,1,100,1,100
341,21,58,50,86,4,25,2,1,0,0,0
838,46,58,54,93,0,0,0,0,0,1,100
16,37,58,48,83,0,0,1,1,0,0,0
480,26,58,43,74,0,0,0,1,100,0,0
1114,27,58,49,84,3,33,4,2,50,0,0
100,1,58,51,88,1,0,1,0,0,0,0
808,47,57,50,88,18,44,7,7,86,0,0
1029,10,56,47,84,2,0,3,1,100,1,100
913,2,56,54,96,1,0,1,2,100,2,100
210,3,56,45,80,0,0,0,2,50,1,0
17,48,56,28,50,0,0,0,4,0,0,0
667,27,56,54,96,1,0,0,2,100,0,0
1123,11,55,46,84,0,0,0,0,0,1,0
916,47,55,45,82,4,50,0,7,43,4,100
576,38,55,47,85,9,56,1,7,57,1,0
310,5,55,44,80,7,14,10,6,83,1,100
175,48,55,43,78,2,50,5,3,33,2,0
573,43,54,43,80,7,43,5,7,57,0,0
1022,40,54,44,81,2,0,0,6,50,2,100
235,29,54,47,87,9,11,1,3,33,0,0
451,39,54,52,96,1,0,0,2,50,0,0
630,14,54,41,76,0,0,0,1,0,0,0
570,46,53,46,87,4,25,0,2,50,0,0
732,10,53,39,74,3,33,2,2,50,0,0
610,22,52,43,83,2,0,2,3,33,0,0
98,6,52,39,75,5,0,1,4,0,0,0
973,27,52,49,94,0,0,0,1,0,0,0
1089,38,52,49,94,0,0,0,1,0,1,100
1229,45,52,41,79,2,50,1,2,0,0,0
176,38,52,47,90,7,29,3,1,100,0,0
932,40,52,42,81,0,0,0,1,100,3,100
692,21,52,39,75,0,0,0,2,0,0,0
279,20,52,44,85,14,21,1,4,50,1,0
524,23,51,33,65,0,0,0,0,0,0,0
385,37,51,32,63,0,0,0,5,0,0,0
772,46,51,47,92,0,0,0,1,0,0,0
427,2,51,47,92,1,100,0,0,0,0,0
985,15,51,39,76,1,100,2,3,0,0,0
180,42,50,46,92,6,33,2,4,50,0,0
161,25,50,42,84,0,0,0,2,0,0,0
770,13,50,45,90,0,0,0,1,100,0,0
149,46,50,38,76,2,0,0,2,0,1,100
343,42,49,38,78,6,33,3,6,50,0,0
1144,40,49,37,76,2,0,8,5,40,0,0
971,39,48,43,90,1,0,0,2,50,0,0
155,44,48,24,50,0,0,0,1,100,1,0
1054,22,48,42,88,7,29,4,3,67,0,0
600,33,48,35,73,16,13,2,3,33,2,50
83,26,48,36,75,8,38,6,4,50,1,100
485,23,48,40,83,1,0,6,3,33,0,0
620,14,48,37,77,0,0,0,1,100,1,100
739,15,48,37,77,2,50,1,3,100,0,0
328,6,48,33,69,2,50,2,3,67,1,100
1103,48,48,35,73,3,0,1,5,0,0,0
666,38,48,36,75,7,43,0,1,100,2,50
361,32,47,34,72,1,0,1,4,25,0,0
199,11,47,28,60,11,18,6,12,8,0,0
482,27,47,40,85,1,0,2,3,100,1,100
585,21,47,33,70,9,11,1,3,0,1,0
115,16,47,32,68,8,13,1,5,20,1,100
275,15,47,34,72,4,25,1,3,0,0,0
241,31,47,36,77,0,0,2,8,13,0,0
536,15,47,35,74,2,50,1,1,0,0,0
946,45,46,39,85,3,0,0,3,67,0,0
268,42,46,38,83,2,50,0,3,33,0,0
902,37,46,35,76,0,0,0,1,0,0,0
899,11,45,35,78,14,21,4,6,83,0,0
702,27,45,39,87,9,33,1,4,75,1,100
523,48,45,31,69,0,0,0,1,100,2,100
1095,12,45,38,84,0,0,0,2,0,0,0
917,39,45,36,80,1,0,2,4,50,0,0
539,40,44,40,91,0,0,0,2,50,2,100
905,3,44,32,73,1,0,1,1,100,1,0
1163,15,44,35,80,0,0,0,2,50,0,0
1239,1,44,43,98,0,0,0,1,100,0,0
397,46,44,30,68,6,0,4,6,67,0,0
1012,7,44,30,68,10,30,2,4,25,0,0
374,7,43,42,98,0,0,0,0,0,0,0
1082,10,43,37,86,5,80,0,1,100,0,0
520,3,43,33,77,9,33,4,2,50,2,100
944,48,43,38,88,0,0,0,1,0,0,0
736,13,43,38,88,0,0,0,1,0,0,0
1145,32,43,38,88,0,0,0,1,100,1,100
70,5,42,33,79,2,50,2,2,100,0,0
1046,5,42,32,76,0,0,1,3,67,0,0
737,15,42,36,86,1,0,1,2,0,1,100
1,38,42,38,90,1,0,0,1,100,0,0
1127,36,42,33,79,3,33,0,3,0,1,100
330,11,41,35,85,2,0,2,1,0,0,0
329,36,41,33,80,4,25,2,7,43,0,0
1135,9,41,27,66,4,0,4,4,50,1,100
521,9,41,37,90,19,16,0,6,50,0,0
690,8,41,33,80,2,100,6,2,50,0,0
452,17,41,35,85,9,22,11,13,92,4,100
663,48,41,27,66,4,0,3,2,0,1,0
720,43,41,31,76,2,0,1,4,50,0,0
840,43,40,31,78,3,0,0,5,20,0,0
481,23,40,32,80,2,0,0,2,100,0,0
352,16,40,33,83,1,0,2,1,0,0,0
928,13,40,33,83,3,67,2,3,67,0,0
323,18,40,33,83,3,33,2,5,100,1,100
307,35,39,34,87,1,0,2,1,0,0,0
362,6,39,29,74,0,0,1,5,80,0,0
746,26,39,32,82,7,14,3,5,60,0,0
421,29,39,34,87,1,0,2,2,50,3,67
1192,8,38,30,79,3,33,1,2,0,0,0
183,42,38,34,89,2,0,0,2,50,0,0
172,45,38,29,76,15,0,7,12,67,2,0
1027,46,38,33,87,1,0,4,1,100,0,0
748,20,38,33,87,0,0,0,0,0,0,0
763,13,37,23,62,12,8,8,9,89,2,50
1118,29,37,27,73,5,40,2,5,40,0,0
553,42,37,31,84,0,0,1,2,50,0,0
968,45,36,26,72,0,0,2,2,0,0,0
4,48,36,24,67,9,22,1,2,50,1,100
503,44,36,35,97,1,0,1,0,0,0,0
119,1,36,25,69,4,50,8,5,60,1,100
79,23,36,29,81,5,0,1,4,75,1,100
881,26,36,28,78,1,100,3,4,75,0,0
1031,14,36,31,86,0,0,0,0,0,1,100
549,14,35,25,71,6,50,1,2,0,1,100
1058,38,35,29,83,1,100,0,1,100,0,0
154,25,35,26,74,1,0,4,4,50,0,0
76,23,35,26,74,0,0,1,0,0,0,0
1212,8,35,27,77,2,50,0,0,0,2,100
612,8,34,27,79,1,0,3,2,50,0,0
747,17,34,30,88,1,100,1,1,0,0,0
1158,46,34,30,88,2,0,0,2,50,0,0
315,30,34,27,79,8,25,5,5,60,0,0
116,20,34,31,91,0,0,0,1,0,0,0
1171,25,34,31,91,2,50,0,0,0,0,0
477,24,34,33,97,0,0,0,0,0,3,67
316,48,34,29,85,5,60,1,1,0,0,0
693,38,34,20,59,0,0,0,2,0,0,0
177,31,33,25,76,1,0,1,2,0,0,0
801,46,33,24,73,0,0,0,0,0,1,0
589,16,33,31,94,1,0,0,1,100,0,0
474,36,33,25,76,3,33,1,2,50,0,0
144,36,33,27,82,0,0,1,1,0,0,0
1202,8,33,30,91,2,0,1,1,0,0,0
11,36,32,26,81,0,0,0,2,50,0,0
538,36,32,25,78,0,0,0,1,100,1,100
475,17,32,28,88,0,0,0,0,0,0,0
774,4,32,25,78,1,0,0,0,0,0,0
262,34,32,24,75,1,100,0,1,0,1,100
750,19,32,31,97,0,0,0,0,0,1,100
762,4,31,30,97,0,0,0,0,0,0,0
293,20,31,23,74,2,0,0,4,50,0,0
855,26,31,24,77,0,0,0,0,0,0,0
416,41,31,29,94,2,0,0,1,100,1,100
634,3,31,27,87,2,0,0,1,0,0,0
39,3,31,27,87,5,40,1,0,0,0,0
637,21,31,27,87,4,75,4,4,75,3,100
114,12,30,26,87,3,33,1,0,0,0,0
7,39,30,26,87,0,0,0,1,0,0,0
1011,44,30,25,83,1,0,0,2,50,0,0
221,27,30,27,90,4,25,1,2,100,1,100
261,25,30,28,93,3,0,0,1,100,0,0
706,20,30,23,77,1,0,0,1,100,1,0
333,32,30,19,63,0,0,0,0,0,0,0
219,4,30,25,83,0,0,1,0,0,0,0
1193,20,30,29,97,2,0,0,0,0,0,0
134,43,30,25,83,1,0,0,3,67,1,0
314,22,30,22,73,1,100,0,2,0,0,0
270,7,30,23,77,0,0,0,2,100,0,0
382,47,29,18,62,0,0,0,1,0,0,0
798,47,29,23,79,2,0,0,0,0,0,0
1019,23,29,23,79,0,0,0,0,0,3,33
1069,24,29,21,72,1,0,0,0,0,0,0
467,8,29,27,93,1,0,2,3,100,0,0
339,44,29,22,76,2,0,1,1,100,0,0
795,9,29,23,79,4,50,0,2,50,1,100
364,21,29,20,69,0,0,2,2,50,1,100
368,40,29,20,69,0,0,0,1,100,0,0
1221,41,29,25,86,1,0,0,0,0,0,0
1180,48,29,17,59,0,0,0,2,0,1,100
825,4,29,20,69,0,0,0,2,0,0,0
1053,35,29,27,93,0,0,0,2,50,0,0
402,23,28,26,93,1,0,0,2,100,1,100
158,36,28,11,39,1,0,0,4,0,0,0
728,28,28,28,100,1,0,0,1,100,0,0
980,15,28,24,86,0,0,1,3,33,0,0
915,41,28,24,86,4,0,2,4,75,0,0
659,16,27,23,85,1,0,1,3,67,0,0
597,34,27,18,67,1,0,0,1,0,0,0
389,33,27,20,74,1,100,0,1,100,1,0
85,21,27,25,93,1,0,1,0,0,0,0
1242,17,27,23,85,6,33,1,1,0,0,0
22,15,26,18,69,1,100,3,1,100,0,0
788,28,26,23,88,1,0,2,2,50,0,0
201,47,26,19,73,14,7,2,7,71,1,100
906,7,26,21,81,7,14,1,2,0,0,0
272,47,25,20,80,3,33,1,3,100,1,100
1100,24,25,15,60,2,0,0,2,50,1,0
669,27,25,22,88,0,0,0,0,0,0,0
966,1,25,18,72,0,0,0,1,0,0,0
63,4,25,22,88,3,0,0,3,33,0,0
1061,31,25,18,72,1,0,0,2,0,0,0
213,45,24,22,92,0,0,4,0,0,0,0
595,11,24,19,79,3,67,0,4,25,0,0
1075,1,24,23,96,0,0,0,0,0,0,0
498,40,24,21,88,2,0,0,3,33,0,0
594,32,24,18,75,0,0,0,1,0,0,0
680,32,24,19,79,0,0,2,1,0,0,0
1087,4,24,16,67,1,0,1,2,0,1,0
138,6,24,17,71,0,0,0,0,0,1,0
940,8,23,18,78,1,0,2,5,40,0,0
223,11,23,16,70,1,0,2,1,0,0,0
537,3,23,18,78,1,0,0,0,0,0,0
407,34,23,12,52,0,0,0,4,25,0,0
287,10,23,22,96,2,0,0,1,100,0,0
592,33,23,19,83,0,0,0,1,0,0,0
468,32,23,18,78,0,0,0,0,0,0,0
497,21,23,15,65,4,25,1,3,67,0,0
174,12,23,16,70,4,0,2,1,0,1,100
258,9,23,20,87,0,0,1,1,0,0,0
880,44,23,16,70,0,0,0,0,0,0,0
9,21,22,18,82,7,14,7,8,50,1,100
673,21,22,21,95,0,0,0,0,0,0,0
1121,15,22,15,68,0,0,0,1,0,1,100
947,27,22,15,68,1,0,1,2,50,0,0
233,11,22,19,86,0,0,0,0,0,2,50
15,37,22,16,73,1,0,1,2,50,0,0
37,23,22,20,91,1,0,0,0,0,0,0
942,28,22,20,91,0,0,2,3,33,0,0
197,46,22,21,95,3,33,0,2,50,0,0
1044,7,22,22,100,0,0,2,1,100,0,0
163,33,21,20,95,1,0,2,2,50,0,0
346,12,21,15,71,1,0,0,3,33,0,0
1203,22,21,18,86,0,0,0,1,100,0,0
943,26,21,17,81,1,0,1,0,0,1,100
198,30,21,18,86,1,0,1,0,0,0,0
404,32,21,19,90,0,0,0,0,0,0,0
891,20,20,17,85,2,50,0,2,50,1,100
109,13,20,17,85,2,0,0,2,50,0,0
351,7,20,16,80,1,0,1,4,25,0,0
1181,2,20,17,85,0,0,0,1,100,0,0
815,24,20,17,85,2,0,0,1,100,0,0
335,24,20,11,55,2,0,1,2,0,1,100
703,22,20,13,65,0,0,5,3,33,1,100
321,44,20,16,80,0,0,0,0,0,1,0
963,12,19,17,89,1,0,3,3,33,0,0
260,8,19,15,79,3,33,1,0,0,0,0
234,38,19,12,63,0,0,0,2,0,0,0
23,1,19,16,84,0,0,1,1,100,1,100
884,23,19,17,89,0,0,0,0,0,0,0
860,24,19,16,84,0,0,0,0,0,0,0
1099,47,19,10,53,0,0,0,3,67,0,0
1208,16,19,17,89,4,25,0,1,0,1,100
68,34,19,13,68,1,0,0,0,0,0,0
599,33,18,11,61,0,0,0,1,100,0,0
529,10,18,12,67,3,0,5,2,50,2,100
1094,44,18,16,89,3,0,1,1,0,0,0
91,9,18,14,78,1,0,1,0,0,0,0
875,32,18,17,94,0,0,0,0,0,0,0
1067,26,18,12,67,0,0,0,0,0,0,0
141,24,18,16,89,0,0,1,0,0,0,0
1190,15,18,14,78,0,0,2,1,0,0,0
531,48,17,11,65,1,0,0,2,50,0,0
403,22,17,13,76,0,0,0,0,0,0,0
542,12,17,16,94,3,0,0,2,50,0,0
43,37,17,16,94,0,0,0,0,0,0,0
817,30,17,15,88,1,100,0,2,100,1,100
400,35,16,13,81,0,0,0,1,0,0,0
398,31,16,7,44,2,50,1,0,0,0,0
854,3,16,12,75,2,0,2,2,50,0,0
554,31,16,12,75,5,40,2,1,0,0,0
1129,42,16,15,94,1,0,4,2,100,0,0
363,6,16,12,75,1,0,0,0,0,1,100
45,16,16,12,75,2,0,0,1,0,0,0
156,23,16,12,75,0,0,0,3,67,0,0
33,23,16,13,81,1,0,0,1,100,0,0
1133,25,16,12,75,0,0,0,2,50,0,0
1000,9,16,8,50,0,0,0,1,0,1,100
718,22,15,13,87,5,20,5,5,60,0,0
304,5,15,10,67,4,25,1,3,67,2,50
796,5,15,13,87,3,0,4,3,67,0,0
652,45,15,9,60,2,50,0,0,0,0,0
852,36,15,7,47,0,0,1,3,33,0,0
502,33,15,13,87,0,0,1,0,0,0,0
654,10,14,14,100,0,0,0,0,0,0,0
492,13,14,11,79,0,0,2,0,0,0,0
974,20,14,14,100,1,0,0,1,100,0,0
528,20,14,11,79,3,0,0,1,0,0,0
1139,8,14,12,86,1,100,2,0,0,1,100
1234,29,14,14,100,0,0,0,1,0,0,0
842,17,14,14,100,0,0,0,0,0,1,100
412,8,14,11,79,2,50,2,2,100,0,0
822,11,14,13,93,2,0,0,5,60,0,0
104,24,14,10,71,0,0,0,3,67,1,100
1230,36,14,9,64,0,0,1,3,0,0,0
463,36,14,10,71,0,0,0,1,0,0,0
380,48,14,12,86,1,0,1,2,100,0,0
290,15,14,14,100,0,0,2,0,0,0,0
979,4,13,7,54,0,0,0,2,100,0,0
1194,19,13,11,85,1,0,0,0,0,0,0
1096,5,13,6,46,0,0,0,1,0,0,0
933,30,13,11,85,1,0,1,2,100,0,0
587,18,13,12,92,1,0,0,0,0,0,0
811,20,13,6,46,0,0,0,1,0,0,0
613,6,13,7,54,0,0,0,1,0,0,0
58,7,13,13,100,0,0,0,0,0,0,0
441,28,13,12,92,1,0,0,0,0,0,0
1084,28,13,7,54,0,0,0,0,0,0,0
1211,27,13,9,69,0,0,0,0,0,0,0
78,26,13,12,92,1,0,1,0,0,0,0
1064,26,13,12,92,0,0,0,0,0,0,0
1147,11,13,9,69,2,0,0,2,0,0,0
848,44,13,12,92,0,0,0,0,0,1,100
143,39,12,12,100,0,0,2,3,33,0,0
930,3,12,6,50,0,0,1,0,0,0,0
215,42,12,11,92,0,0,0,0,0,0,0
1001,30,12,10,83,2,50,0,2,50,0,0
660,23,12,9,75,0,0,1,1,0,0,0
27,36,12,11,92,2,100,1,0,0,0,0
557,10,12,9,75,0,0,0,0,0,0,0
519,16,12,12,100,0,0,0,0,0,0,0
733,7,12,12,100,0,0,0,3,100,0,0
1235,43,11,8,73,0,0,3,0,0,0,0
742,38,11,7,64,1,0,0,4,25,0,0
425,8,11,9,82,0,0,3,2,0,0,0
393,11,11,7,64,0,0,0,0,0,0,0
775,23,11,7,64,2,50,1,1,100,0,0
87,24,11,7,64,2,50,1,1,100,0,0
1077,35,11,11,100,0,0,0,0,0,0,0
433,35,11,10,91,0,0,0,0,0,0,0
490,19,11,10,91,0,0,0,0,0,0,0
993,13,11,7,64,0,0,1,3,33,0,0
121,13,10,6,60,0,0,0,2,0,0,0
1115,32,10,9,90,0,0,0,0,0,1,100
960,48,10,8,80,0,0,1,2,50,0,0
295,6,10,8,80,0,0,0,0,0,0,0
792,3,10,7,70,1,0,0,0,0,0,0
52,34,10,7,70,0,0,0,0,0,0,0
222,33,10,7,70,0,0,0,1,0,0,0
71,28,10,10,100,1,0,0,1,0,0,0
648,16,10,9,90,0,0,0,0,0,0,0
131,34,10,7,70,0,0,0,0,0,0,0
48,34,10,6,60,0,0,0,0,0,1,100
159,29,10,7,70,0,0,1,0,0,0,0
466,44,10,7,70,1,100,1,0,0,0,0
456,17,10,7,70,1,0,0,2,0,0,0
1110,12,10,9,90,1,100,0,0,0,0,0
171,39,10,9,90,1,100,0,0,0,0,0
160,29,9,8,89,1,0,2,0,0,1,0
583,9,9,6,67,0,0,0,0,0,0,0
1170,40,9,6,67,0,0,1,0,0,0,0
934,43,9,7,78,0,0,1,2,0,0,0
420,14,9,7,78,0,0,0,0,0,0,0
1175,14,9,5,56,3,33,0,1,0,0,0
153,5,9,8,89,0,0,0,0,0,0,0
442,28,9,4,44,0,0,0,2,50,0,0
1162,33,9,7,78,0,0,0,1,100,0,0
813,24,9,6,67,3,33,0,1,100,0,0
1128,37,9,7,78,0,0,0,0,0,0,0
354,27,9,9,100,3,67,2,2,100,0,0
26,36,8,4,50,0,0,0,1,0,0,0
77,24,8,4,50,0,0,0,1,100,0,0
846,1,8,7,88,0,0,0,0,0,0,0
890,1,8,6,75,1,0,0,0,0,0,0
545,14,8,8,100,0,0,0,0,0,0,0
338,44,8,7,88,0,0,0,0,0,0,0
299,22,8,4,50,2,50,0,2,0,0,0
540,9,8,6,75,0,0,2,0,0,0,0
151,3,8,5,63,1,0,0,0,0,0,0
1160,15,8,7,88,0,0,0,1,0,0,0
322,6,8,7,88,0,0,0,0,0,0,0
446,34,8,5,63,0,0,1,1,0,0,0
118,33,8,8,100,1,0,0,1,100,1,0
257,10,8,5,63,1,100,0,0,0,0,0
450,30,8,7,88,0,0,0,1,0,0,0
568,5,7,7,100,0,0,0,0,0,0,0
743,19,7,5,71,2,0,0,0,0,0,0
1205,30,7,4,57,0,0,0,1,0,0,0
631,30,7,7,100,1,0,0,0,0,0,0
1146,40,7,5,71,0,0,0,0,0,0,0
392,44,7,7,100,0,0,0,0,0,0,0
237,27,7,4,57,0,0,0,0,0,0,0
628,25,7,6,86,1,0,0,1,0,0,0
357,33,7,3,43,3,33,0,2,0,0,0
191,34,7,6,86,0,0,0,0,0,0,0
59,46,7,6,86,1,0,0,1,0,0,0
281,15,7,6,86,0,0,0,0,0,0,0
803,42,7,7,100,0,0,0,0,0,0,0
165,48,6,5,83,1,0,2,0,0,1,100
208,31,6,4,67,0,0,0,0,0,0,0
194,21,6,3,50,2,50,1,0,0,0,0
484,17,6,4,67,0,0,0,2,100,0,0
1117,14,6,5,83,0,0,0,0,0,0,0
590,16,6,6,100,0,0,0,0,0,0,0
1111,11,6,4,67,0,0,0,0,0,1,0
1225,23,6,5,83,0,0,0,0,0,0,0
417,11,6,5,83,0,0,0,1,0,0,0
858,26,5,4,80,0,0,0,0,0,0,0
32,23,5,3,60,0,0,1,0,0,0,0
859,26,5,2,40,0,0,1,1,0,0,0
741,40,5,1,20,0,0,0,1,0,0,0
638,40,5,4,80,1,0,0,0,0,0,0
999,21,5,4,80,0,0,0,0,0,0,0
367,12,5,4,80,0,0,0,0,0,0,0
124,38,5,5,100,1,100,1,1,100,1,100
224,43,5,3,60,1,0,0,0,0,0,0
1140,3,5,3,60,1,0,0,2,0,0,0
243,43,5,5,100,0,0,0,0,0,0,0
355,43,5,5,100,0,0,0,0,0,0,0
954,28,5,5,100,0,0,1,1,0,0,0
325,7,5,5,100,3,33,0,0,0,0,0
494,7,5,4,80,0,0,1,0,0,0,0
1215,22,5,5,100,0,0,0,0,0,0,0
1073,6,5,2,40,0,0,1,3,0,0,0
192,14,4,3,75,1,0,0,1,0,0,0
596,30,4,2,50,1,100,0,0,0,0,0
263,18,4,2,50,0,0,0,2,0,0,0
1227,25,4,4,100,0,0,2,0,0,0,0
1107,25,4,3,75,1,0,1,0,0,1,100
99,26,4,4,100,0,0,0,0,0,0,0
84,23,4,4,100,0,0,0,0,0,0,0
874,44,4,3,75,0,0,0,1,0,0,0
501,34,4,3,75,1,0,0,1,0,0,0
206,45,4,3,75,0,0,0,0,0,0,0
493,48,4,4,100,0,0,0,0,0,0,0
632,45,3,1,33,0,0,0,0,0,0,0
102,6,3,3,100,1,0,0,0,0,0,0
646,42,3,3,100,0,0,1,0,0,0,0
857,26,3,3,100,0,0,0,0,0,0,0
90,36,3,2,67,0,0,0,1,100,0,0
674,25,3,3,100,0,0,0,0,0,0,0
1106,14,3,3,100,0,0,0,0,0,0,0
430,14,3,1,33,0,0,0,0,0,0,0
735,13,3,1,33,0,0,0,1,0,0,0
548,32,3,2,67,0,0,0,0,0,0,0
1222,10,3,3,100,0,0,0,0,0,0,0
47,33,3,3,100,1,0,0,0,0,0,0
1008,34,3,3,100,0,0,0,0,0,0,0
170,39,3,3,100,0,0,0,0,0,0,0
318,22,3,1,33,0,0,1,0,0,0,0
649,14,2,0,0,0,0,0,0,0,0,0
390,38,2,2,100,2,0,1,1,100,0,0
499,45,2,2,100,0,0,0,0,0,0,0
871,15,2,2,100,0,0,0,1,100,0,0
445,42,2,1,50,0,0,0,0,0,0,0
759,41,2,2,100,0,0,0,0,0,0,0
865,23,2,1,50,0,0,0,0,0,0,0
601,2,2,2,100,0,0,0,1,0,0,0
226,28,2,2,100,0,0,0,0,0,0,0
543,19,2,2,100,0,0,1,0,0,0,0
515,18,1,1,100,0,0,0,0,0,0,0
791,35,1,1,100,0,0,0,0,0,0,0
909,20,1,1,100,0,0,0,0,0,0,0
778,30,1,1,100,0,0,0,0,0,0,0
949,18,1,1,100,1,0,1,1,100,0,0
1102,48,1,1,100,0,0,0,0,0,0,0
460,6,1,1,100,0,0,0,0,0,0,0
1050,14,1,1,100,0,0,0,0,0,0,0
136,28,1,1,100,0,0,0,0,0,0,0
453,46,1,1,100,0,0,0,0,0,0,0
1040,47,1,0,0,0,0,0,0,0,0,0
887,23,1,1,100,0,0,0,0,0,0,0
642,25,1,1,100,0,0,0,1,100,0,0
651,25,1,1,100,0,0,0,0,0,0,0
5,26,0,0,0,0,0,0,0,0,0,0
1068,37,0,0,0,0,0,0,0,0,0,0
1241,37,0,0,0,0,0,0,0,0,0,0
643,25,0,0,0,0,0,0,0,0,0,0
547,37,0,0,0,0,0,0,0,0,0,0
901,37,0,0,0,0,0,0,0,0,0,0
169,27,0,0,0,0,0,0,0,0,0,0
716,8,0,0,0,0,0,0,0,0,0,0
697,27,0,0,0,0,0,0,0,0,0,0
465,37,0,0,0,0,0,0,0,0,0,0
377,23,0,0,0,0,0,0,0,0,0,0
28,37,0,0,0,0,0,0,0,0,0,0
294,24,0,0,0,0,0,0,0,0,0,0
661,37,0,0,0,0,0,0,0,0,0,0
411,11,0,0,0,0,0,0,0,0,0,0
671,27,0,0,0,0,0,0,0,0,0,0
238,27,0,0,0,0,0,0,0,0,0,0
266,24,0,0,0,0,0,0,0,0,0,0
1116,27,0,0,0,0,0,0,0,0,0,0
81,37,0,0,0,0,0,0,0,0,0,0
845,1,0,0,0,0,0,0,0,0,0,0
1164,25,0,0,0,0,0,0,0,0,0,0
1217,1,0,0,0,0,0,0,0,0,0,0
105,24,0,0,0,0,0,0,0,0,0,0
761,8,0,0,0,0,0,0,0,0,0,0
1131,36,0,0,0,0,0,0,0,0,0,0
986,24,0,0,0,0,0,0,0,0,0,0
561,27,0,0,0,0,0,0,0,0,0,0
1005,26,0,0,0,0,0,0,0,0,0,0
247,8,0,0,0,0,0,0,0,0,0,0
73,36,0,0,0,0,0,0,0,0,0,0
320,11,0,0,0,0,0,0,0,0,0,0
36,37,0,0,0,0,0,0,0,0,0,0
1049,24,0,0,0,0,0,0,0,0,0,0
488,26,0,0,0,0,0,0,0,0,0,0
726,36,0,0,0,0,0,0,0,0,0,0
1066,36,0,0,0,0,0,0,0,0,0,0
856,26,0,0,0,0,0,0,0,0,0,0
2,11,0,0,0,0,0,0,0,0,0,0
864,36,0,0,0,0,0,0,0,0,0,0
106,26,0,0,0,0,0,0,0,0,0,0
1157,11,0,0,0,0,0,0,0,0,0,0
823,36,0,0,0,0,0,0,0,0,0,0
19,1,0,0,0,0,0,0,0,0,0,0
1126,8,0,0,0,0,0,0,0,0,0,0
938,26,0,0,0,0,0,0,0,0,0,0
476,24,0,0,0,0,0,0,0,0,0,0
379,1,0,0,0,0,0,0,0,0,0,0
816,1,0,0,0,0,0,0,0,0,0,0
802,11,0,0,0,0,0,0,0,0,0,0
473,42,0,0,0,0,0,0,0,0,0,0
56,31,0,0,0,0,0,0,0,0,0,0
784,41,0,0,0,0,0,0,0,0,0,0
893,31,0,0,0,0,0,0,0,0,0,0
55,41,0,0,0,0,0,0,0,0,0,0
186,48,0,0,0,0,0,0,0,0,0,0
147,43,0,0,0,0,0,0,0,0,0,0
211,3,0,0,0,0,0,0,0,0,0,0
577,38,0,0,0,0,0,0,0,0,0,0
469,42,0,0,0,0,0,0,0,0,0,0
717,31,0,0,0,0,0,0,0,0,0,0
358,41,0,0,0,0,0,0,0,0,0,0
292,45,0,0,0,0,0,0,0,0,0,0
185,41,0,0,0,0,0,0,0,0,0,0
1051,38,0,0,0,0,0,0,0,0,0,0
479,15,0,0,0,0,0,0,0,0,0,0
559,15,0,0,0,0,0,0,0,0,0,0
178,31,0,0,0,0,0,0,0,0,0,0
562,41,0,0,0,0,0,0,0,0,0,0
677,31,0,0,0,0,0,0,0,0,0,0
311,38,0,0,0,0,0,0,0,0,0,0
1231,43,0,0,0,0,0,0,0,0,0,0
276,15,0,0,0,0,0,0,0,0,0,0
785,43,0,0,0,0,0,0,0,0,0,0
1185,42,0,0,0,0,0,0,0,0,0,0
92,45,0,0,0,0,0,0,0,0,0,0
828,31,0,0,0,0,0,0,0,0,0,0
1174,38,0,0,0,0,0,0,0,0,0,0
923,6,0,0,0,0,0,0,0,0,0,0
793,3,0,0,0,0,0,0,0,0,0,0
280,41,0,0,0,0,0,0,0,0,0,0
820,45,0,0,0,0,0,0,0,0,0,0
532,15,0,0,0,0,0,0,0,0,0,0
982,3,0,0,0,0,0,0,0,0,0,0
57,31,0,0,0,0,0,0,0,0,0,0
709,38,0,0,0,0,0,0,0,0,0,0
686,31,0,0,0,0,0,0,0,0,0,0
418,38,0,0,0,0,0,0,0,0,0,0
1074,45,0,0,0,0,0,0,0,0,0,0
1178,48,0,0,0,0,0,0,0,0,0,0
359,42,0,0,0,0,0,0,0,0,0,0
839,3,0,0,0,0,0,0,0,0,0,0
1183,41,0,0,0,0,0,0,0,0,0,0
738,15,0,0,0,0,0,0,0,0,0,0
150,48,0,0,0,0,0,0,0,0,0,0
1204,22,0,0,0,0,0,0,0,0,0,0
883,44,0,0,0,0,0,0,0,0,0,0
67,22,0,0,0,0,0,0,0,0,0,0
146,21,0,0,0,0,0,0,0,0,0,0
214,22,0,0,0,0,0,0,0,0,0,0
34,29,0,0,0,0,0,0,0,0,0,0
1226,29,0,0,0,0,0,0,0,0,0,0
126,39,0,0,0,0,0,0,0,0,0,0
950,40,0,0,0,0,0,0,0,0,0,0
1079,40,0,0,0,0,0,0,0,0,0,0
773,22,0,0,0,0,0,0,0,0,0,0
1002,44,0,0,0,0,0,0,0,0,0,0
1198,22,0,0,0,0,0,0,0,0,0,0
1062,44,0,0,0,0,0,0,0,0,0,0
236,39,0,0,0,0,0,0,0,0,0,0
1220,39,0,0,0,0,0,0,0,0,0,0
1136,17,0,0,0,0,0,0,0,0,0,0
21,44,0,0,0,0,0,0,0,0,0,0
665,40,0,0,0,0,0,0,0,0,0,0
10,21,0,0,0,0,0,0,0,0,0,0
283,9,0,0,0,0,0,0,0,0,0,0
189,40,0,0,0,0,0,0,0,0,0,0
604,21,0,0,0,0,0,0,0,0,0,0
72,9,0,0,0,0,0,0,0,0,0,0
1142,40,0,0,0,0,0,0,0,0,0,0
889,17,0,0,0,0,0,0,0,0,0,0
843,17,0,0,0,0,0,0,0,0,0,0
847,17,0,0,0,0,0,0,0,0,0,0
967,9,0,0,0,0,0,0,0,0,0,0
611,22,0,0,0,0,0,0,0,0,0,0
751,39,0,0,0,0,0,0,0,0,0,0
46,12,0,0,0,0,0,0,0,0,0,0
744,17,0,0,0,0,0,0,0,0,0,0
885,29,0,0,0,0,0,0,0,0,0,0
1026,40,0,0,0,0,0,0,0,0,0,0
662,44,0,0,0,0,0,0,0,0,0,0
851,12,0,0,0,0,0,0,0,0,0,0
645,8,0,0,0,0,0,0,0,0,0,0
245,21,0,0,0,0,0,0,0,0,0,0
413,22,0,0,0,0,0,0,0,0,0,0
572,9,0,0,0,0,0,0,0,0,0,0
1112,40,0,0,0,0,0,0,0,0,0,0
972,12,0,0,0,0,0,0,0,0,0,0
1018,44,0,0,0,0,0,0,0,0,0,0
168,21,0,0,0,0,0,0,0,0,0,0
366,12,0,0,0,0,0,0,0,0,0,0
834,5,0,0,0,0,0,0,0,0,0,0
771,30,0,0,0,0,0,0,0,0,0,0
799,30,0,0,0,0,0,0,0,0,0,0
740,30,0,0,0,0,0,0,0,0,0,0
1037,30,0,0,0,0,0,0,0,0,0,0
273,4,0,0,0,0,0,0,0,0,0,0
395,4,0,0,0,0,0,0,0,0,0,0
827,4,0,0,0,0,0,0,0,0,0,0
142,20,0,0,0,0,0,0,0,0,0,0
675,5,0,0,0,0,0,0,0,0,0,0
62,20,0,0,0,0,0,0,0,0,0,0
1237,5,0,0,0,0,0,0,0,0,0,0
948,20,0,0,0,0,0,0,0,0,0,0
202,19,0,0,0,0,0,0,0,0,0,0
1036,19,0,0,0,0,0,0,0,0,0,0
1081,32,0,0,0,0,0,0,0,0,0,0
288,4,0,0,0,0,0,0,0,0,0,0
724,19,0,0,0,0,0,0,0,0,0,0
603,35,0,0,0,0,0,0,0,0,0,0
431,35,0,0,0,0,0,0,0,0,0,0
978,4,0,0,0,0,0,0,0,0,0,0
768,19,0,0,0,0,0,0,0,0,0,0
908,19,0,0,0,0,0,0,0,0,0,0
319,13,0,0,0,0,0,0,0,0,0,0
527,18,0,0,0,0,0,0,0,0,0,0
672,18,0,0,0,0,0,0,0,0,0,0
780,13,0,0,0,0,0,0,0,0,0,0
926,13,0,0,0,0,0,0,0,0,0,0
432,35,0,0,0,0,0,0,0,0,0,0
1167,18,0,0,0,0,0,0,0,0,0,0
1056,35,0,0,0,0,0,0,0,0,0,0
51,4,0,0,0,0,0,0,0,0,0,0
285,18,0,0,0,0,0,0,0,0,0,0
681,13,0,0,0,0,0,0,0,0,0,0
250,38,0,0,0,0,0,0,0,0,0,0
516,13,0,0,0,0,0,0,0,0,0,0
1165,13,0,0,0,0,0,0,0,0,0,0
312,13,0,0,0,0,0,0,0,0,0,0
1085,47,0,0,0,0,0,0,0,0,0,0
1196,7,0,0,0,0,0,0,0,0,0,0
1047,47,0,0,0,0,0,0,0,0,0,0
384,16,0,0,0,0,0,0,0,0,0,0
1038,33,0,0,0,0,0,0,0,0,0,0
239,46,0,0,0,0,0,0,0,0,0,0
591,10,0,0,0,0,0,0,0,0,0,0
289,16,0,0,0,0,0,0,0,0,0,0
415,34,0,0,0,0,0,0,0,0,0,0
550,16,0,0,0,0,0,0,0,0,0,0
94,10,0,0,0,0,0,0,0,0,0,0
349,47,0,0,0,0,0,0,0,0,0,0
252,46,0,0,0,0,0,0,0,0,0,0
870,16,0,0,0,0,0,0,0,0,0,0
229,33,0,0,0,0,0,0,0,0,0,0
1199,10,0,0,0,0,0,0,0,0,0,0
705,7,0,0,0,0,0,0,0,0,0,0
125,16,0,0,0,0,0,0,0,0,0,0
1083,47,0,0,0,0,0,0,0,0,0,0
1043,47,0,0,0,0,0,0,0,0,0,0
567,47,0,0,0,0,0,0,0,0,0,0
371,34,0,0,0,0,0,0,0,0,0,0
602,47,0,0,0,0,0,0,0,0,0,0
20,33,0,0,0,0,0,0,0,0,0,0
376,47,0,0,0,0,0,0,0,0,0,0
196,7,0,0,0,0,0,0,0,0,0,0
641,22,0,0,0,0,0,0,0,0,0,0
436,16,0,0,0,0,0,0,0,0,0,0
112,10,0,0,0,0,0,0,0,0,0,0
419,2,0,0,0,0,0,0,0,0,0,0
217,28,0,0,0,0,0,0,0,0,0,0
617,10,0,0,0,0,0,0,0,0,0,0
426,47,0,0,0,0,0,0,0,0,0,0
414,34,0,0,0,0,0,0,0,0,0,0
278,10,0,0,0,0,0,0,0,0,0,0
327,33,0,0,0,0,0,0,0,0,0,0
228,33,0,0,0,0,0,0,0,0,0,0
324,7,0,0,0,0,0,0,0,0,0,0
730,33,0,0,0,0,0,0,0,0,0,0
616,2,0,0,0,0,0,0,0,0,0,0
805,46,0,0,0,0,0,0,0,0,0,0
1168,14,0,0,0,0,0,0,0,0,0,0
841,6,0,0,0,0,0,0,0,0,0,0
657,14,0,0,0,0,0,0,0,0,0,0
135,14,0,0,0,0,0,0,0,0,0,0
783,6,0,0,0,0,0,0,0,0,0,0
1176,14,0,0,0,0,0,0,0,0,0,0
