player_id,team_id,own_goals,forced_turnovers,defensive_pressures_applied,defensive_pressures_directly_applied
849,17,2,10,90,11
1216,29,1,0,0,0
344,44,1,10,40,10
262,34,1,5,95,22
745,36,1,0,0,0
464,37,1,5,26,7
852,36,1,2,52,3
1218,26,1,10,28,16
156,23,1,5,60,3
305,8,1,5,29,16
840,43,1,3,16,1
210,3,1,2,14,9
17,48,1,0,0,0
554,31,0,3,15,2
243,43,0,0,8,2
1055,43,0,14,94,19
355,43,0,1,9,1
134,43,0,3,33,4
785,43,0,0,0,0
147,43,0,0,0,0
264,43,0,32,141,20
1235,43,0,3,49,8
573,43,0,14,102,13
720,43,0,3,15,4
439,43,0,0,0,0
632,45,0,0,1,1
224,43,0,4,27,6
820,45,0,0,0,0
454,45,0,11,28,5
372,43,0,19,210,30
1071,45,0,5,33,12
206,45,0,0,1,1
830,43,0,8,52,6
1229,45,0,3,12,4
309,43,0,8,54,5
968,45,0,3,10,7
821,45,0,1,10,5
753,43,0,15,44,21
1236,45,0,5,35,9
956,45,0,7,37,9
1231,43,0,0,0,0
819,45,0,3,9,3
1023,43,0,27,193,31
92,45,0,0,0,0
1177,45,0,0,0,0
291,43,0,19,63,23
652,45,0,10,38,2
499,45,0,0,4,1
910,43,0,8,48,12
356,45,0,4,26,3
195,43,0,40,177,25
1074,45,0,0,0,0
13,45,0,3,27,12
1109,43,0,11,59,13
133,45,0,12,62,7
507,45,0,16,34,13
1028,43,0,24,60,16
647,45,0,7,32,5
437,43,0,28,116,18
386,45,0,0,16,7
172,45,0,24,37,5
343,42,0,9,61,7
213,45,0,4,9,3
946,45,0,3,24,9
469,42,0,0,0,0
292,45,0,0,5,0
1129,42,0,4,15,0
792,3,0,2,30,4
982,3,0,0,0,0
183,42,0,3,35,7
839,3,0,0,0,0
537,3,0,1,21,3
180,42,0,4,71,13
793,3,0,0,0,0
60,42,0,14,81,9
164,3,0,9,55,7
518,3,0,7,80,11
359,42,0,0,0,0
39,3,0,5,40,2
268,42,0,8,24,3
151,3,0,1,20,0
445,42,0,0,3,0
586,3,0,23,84,21
211,3,0,0,0,0
722,42,0,10,60,13
35,3,0,25,105,15
462,3,0,4,18,6
1213,42,0,21,100,22
520,3,0,6,83,14
249,3,0,28,180,11
522,42,0,0,0,0
50,3,0,12,48,28
1184,42,0,14,75,4
254,3,0,11,64,4
905,3,0,13,116,3
473,42,0,0,0,0
930,3,0,1,57,4
634,3,0,7,22,4
500,42,0,13,13,8
976,3,0,0,0,0
444,42,0,8,50,14
983,3,0,9,78,5
854,3,0,3,86,5
408,42,0,13,58,14
725,3,0,4,11,4
1140,3,0,1,17,2
1185,42,0,0,0,0
824,31,0,4,21,12
122,42,0,10,31,1
677,31,0,0,0,0
241,31,0,8,88,5
553,42,0,7,38,7
1154,31,0,5,57,9
215,42,0,0,0,0
1061,31,0,2,50,7
803,42,0,0,5,1
806,31,0,0,0,0
57,31,0,0,0,0
61,42,0,5,110,15
569,31,0,27,98,22
209,31,0,9,55,11
646,42,0,2,5,2
717,31,0,0,0,0
1182,42,0,5,24,10
1086,31,0,10,104,7
828,31,0,0,0,0
683,42,0,0,0,0
340,31,0,19,152,18
711,31,0,9,59,8
1183,41,0,0,0,0
759,41,0,0,0,0
208,31,0,0,4,1
893,31,0,0,0,0
562,41,0,0,0,0
178,31,0,0,0,0
689,41,0,17,116,24
56,31,0,0,0,0
177,31,0,2,28,4
981,41,0,11,28,11
776,31,0,10,67,18
398,31,0,1,5,1
416,41,0,4,33,8
391,31,0,5,28,11
185,41,0,0,4,0
1173,31,0,4,13,4
686,31,0,0,0,0
53,41,0,22,131,21
1190,15,0,10,34,1
915,41,0,7,33,1
927,6,0,0,0,0
980,15,0,7,74,4
1163,15,0,4,42,5
280,41,0,0,0,0
829,15,0,10,75,4
22,15,0,6,92,7
784,41,0,0,0,0
281,15,0,0,4,1
1179,41,0,0,0,0
559,15,0,0,0,0
536,15,0,6,36,3
836,41,0,53,236,13
1161,15,0,8,37,7
687,15,0,2,30,10
265,41,0,30,240,23
532,15,0,0,0,0
757,41,0,18,98,22
1189,15,0,5,49,10
275,15,0,1,23,0
835,41,0,20,85,8
1160,15,0,0,14,1
373,41,0,7,67,6
276,15,0,0,0,0
871,15,0,1,4,1
990,41,0,22,64,16
739,15,0,9,49,5
787,15,0,0,0,0
1221,41,0,3,28,7
1035,15,0,15,37,15
987,41,0,48,224,33
737,15,0,6,27,11
985,15,0,6,104,12
1039,41,0,40,100,34
479,15,0,0,0,0
738,15,0,0,0,0
358,41,0,0,0,0
1121,15,0,1,22,15
388,41,0,8,80,11
290,15,0,4,20,0
66,15,0,18,84,9
55,41,0,0,0,0
531,48,0,0,4,0
493,48,0,0,21,2
764,41,0,12,43,12
944,48,0,7,39,6
962,48,0,5,96,12
157,41,0,21,31,3
316,48,0,9,74,6
1174,38,0,0,0,0
1057,48,0,17,32,9
380,48,0,1,5,0
390,38,0,1,12,0
186,48,0,0,0,0
337,48,0,28,96,11
418,38,0,0,0,0
1102,48,0,0,2,0
176,38,0,13,71,6
523,48,0,2,9,5
8,48,0,11,23,8
311,38,0,0,0,0
4,48,0,17,137,27
175,48,0,5,55,7
650,38,0,4,31,6
14,48,0,7,22,7
693,38,0,4,61,9
1103,48,0,5,42,9
1180,48,0,0,0,0
708,38,0,15,87,28
663,48,0,4,76,11
960,48,0,4,41,1
1051,38,0,0,5,0
1178,48,0,0,0,0
1089,38,0,3,3,3
166,48,0,6,79,11
41,48,0,5,83,8
577,38,0,0,0,0
165,48,0,1,4,0
709,38,0,0,0,0
150,48,0,0,0,0
1,38,0,1,16,5
328,6,0,4,69,1
1090,38,0,11,103,6
514,6,0,20,78,21
897,38,0,7,37,9
1091,6,0,10,49,17
322,6,0,0,6,0
234,38,0,6,73,4
295,6,0,1,4,2
102,6,0,0,4,0
517,38,0,2,15,4
362,6,0,19,131,15
742,38,0,3,22,3
365,6,0,16,85,8
923,6,0,0,0,0
1058,38,0,3,52,8
512,6,0,5,39,8
97,6,0,14,95,11
117,38,0,0,0,0
934,43,0,1,11,3
376,47,0,0,0,0
332,28,0,3,37,13
384,16,0,0,1,1
1047,47,0,0,0,0
267,10,0,11,64,20
253,2,0,9,42,19
597,34,0,2,17,4
58,7,0,0,4,2
239,46,0,0,0,0
1196,7,0,0,0,0
618,10,0,3,45,0
103,33,0,11,68,15
546,10,0,13,77,8
892,2,0,27,100,22
714,2,0,8,26,10
415,34,0,0,0,0
349,47,0,0,0,0
659,16,0,2,26,6
616,2,0,0,0,0
324,7,0,0,0,0
550,16,0,0,0,0
225,33,0,7,41,12
1158,46,0,5,34,4
449,34,0,3,24,3
1201,16,0,10,51,12
409,7,0,8,23,8
252,46,0,0,0,0
218,33,0,28,53,19
1041,47,0,9,82,15
1155,46,0,3,16,6
755,47,0,3,40,17
453,46,0,0,0,0
870,16,0,0,0,0
200,28,0,16,69,9
136,28,0,0,7,0
220,7,0,20,103,26
94,10,0,0,0,0
442,28,0,0,0,0
942,28,0,3,20,2
410,7,0,6,60,9
88,7,0,0,0,0
1215,22,0,0,0,0
1015,7,0,15,112,10
443,47,0,8,20,5
801,46,0,0,0,0
163,33,0,1,24,3
470,16,0,0,0,0
317,7,0,21,111,42
558,10,0,11,29,12
204,7,0,37,159,15
1098,46,0,14,97,9
1042,2,0,8,134,16
287,10,0,4,21,2
1043,47,0,0,0,0
529,10,0,5,41,5
1083,47,0,0,0,0
371,34,0,0,0,0
20,33,0,0,0,0
1222,10,0,0,1,1
557,10,0,2,23,2
397,46,0,29,106,7
1149,2,0,26,70,11
191,34,0,1,4,1
1008,34,0,0,12,1
929,16,0,7,83,18
429,2,0,6,37,9
951,34,0,6,9,3
1084,28,0,3,27,3
509,28,0,3,11,2
112,10,0,0,1,1
918,2,0,2,13,8
731,28,0,14,71,12
360,28,0,17,81,26
447,34,0,9,31,10
197,46,0,6,37,9
387,47,0,0,0,0
590,16,0,1,12,1
732,10,0,13,106,15
44,16,0,9,40,14
794,47,0,20,42,18
282,10,0,20,32,18
1014,28,0,0,0,0
389,33,0,2,16,5
575,28,0,7,14,6
797,34,0,42,197,61
916,47,0,7,36,6
614,34,0,17,154,41
501,34,0,2,26,3
592,33,0,6,28,10
446,34,0,2,36,8
1013,28,0,27,87,10
278,10,0,0,0,0
149,46,0,5,31,6
749,46,0,15,115,25
272,47,0,6,95,2
1162,33,0,3,26,3
414,34,0,0,0,0
648,16,0,2,7,3
434,2,0,3,13,6
226,28,0,0,4,1
240,46,0,4,22,11
227,28,0,9,14,4
555,28,0,7,69,19
374,7,0,1,24,5
68,34,0,2,30,6
589,16,0,1,12,7
730,33,0,0,0,0
494,7,0,5,25,5
217,28,0,0,0,0
598,33,0,7,21,12
788,28,0,5,18,3
314,22,0,2,26,6
128,46,0,14,66,18
615,47,0,9,51,12
47,33,0,0,1,0
229,33,0,0,0,0
59,46,0,1,16,2
805,46,0,0,0,0
48,34,0,3,13,5
790,7,0,9,133,16
382,47,0,12,63,6
728,28,0,1,4,3
222,33,0,7,19,2
998,16,0,11,80,29
691,2,0,26,181,19
627,34,0,31,140,16
351,7,0,3,53,5
69,2,0,20,181,32
54,46,0,17,64,20
381,47,0,19,76,8
269,7,0,3,50,8
228,33,0,0,0,0
327,33,0,0,0,0
571,16,0,7,18,5
251,33,0,11,105,17
257,10,0,0,24,3
93,28,0,6,35,4
1172,46,0,30,65,21
426,47,0,0,0,0
869,16,0,16,83,28
1044,7,0,0,10,1
375,2,0,12,58,14
958,33,0,0,0,0
325,7,0,1,20,2
729,10,0,29,103,11
348,2,0,0,0,0
617,10,0,0,0,0
428,46,0,8,46,6
419,2,0,0,0,0
502,33,0,3,20,1
352,16,0,8,91,11
110,33,0,10,38,19
913,2,0,7,44,6
1186,7,0,24,172,10
600,33,0,20,88,12
798,47,0,4,8,0
1029,10,0,4,55,24
1082,10,0,5,12,1
1085,47,0,0,0,0
593,28,0,16,87,21
838,46,0,6,11,5
992,16,0,2,25,3
1208,16,0,1,10,3
765,2,0,0,3,2
906,7,0,0,39,7
436,16,0,0,0,0
641,22,0,0,0,0
602,47,0,0,0,0
954,28,0,3,33,1
196,7,0,0,0,0
244,46,0,8,73,9
448,10,0,22,147,30
435,16,0,14,135,11
45,16,0,1,28,1
115,16,0,4,29,3
567,47,0,0,0,0
111,34,0,43,231,57
560,33,0,3,29,18
911,2,0,8,48,6
369,2,0,1,5,1
1092,46,0,9,63,17
201,47,0,2,15,1
832,34,0,17,123,21
125,16,0,0,0,0
212,10,0,0,0,0
1099,47,0,0,0,0
326,33,0,9,74,6
922,2,0,9,62,11
71,28,0,1,3,0
303,34,0,23,147,37
1040,47,0,0,0,0
622,2,0,33,215,31
654,10,0,1,9,0
804,34,0,10,75,4
705,7,0,0,0,0
25,47,0,16,107,16
1199,10,0,0,0,0
1034,28,0,6,75,13
1195,46,0,22,102,21
610,22,0,9,81,13
777,7,0,11,45,12
441,28,0,3,41,4
772,46,0,2,9,1
625,34,0,20,209,17
570,46,0,4,19,4
712,2,0,24,147,20
579,16,0,44,73,20
957,34,0,1,0,0
52,34,0,1,32,4
526,10,0,7,146,8
623,28,0,13,162,12
800,46,0,0,0,0
733,7,0,2,10,3
118,33,0,0,2,1
1012,7,0,10,59,7
695,2,0,15,42,14
353,2,0,43,149,24
727,7,0,9,104,17
270,7,0,1,22,4
808,47,0,10,79,11
357,33,0,1,1,1
427,2,0,8,23,6
407,34,0,5,46,5
601,2,0,2,9,3
991,16,0,34,119,29
774,4,0,5,35,1
519,16,0,2,2,0
289,16,0,0,0,0
1038,33,0,0,0,0
1027,46,0,18,84,15
591,10,0,0,0,0
424,28,0,15,96,9
1093,47,0,8,31,13
1181,2,0,0,7,2
131,34,0,4,38,2
599,33,0,18,99,19
556,10,0,33,107,27
574,10,0,11,45,3
367,12,0,2,9,2
972,12,0,0,0,0
498,40,0,7,83,2
950,40,0,0,0,0
583,9,0,1,3,1
235,29,0,6,59,7
489,12,0,23,114,29
1022,40,0,18,107,13
341,21,0,5,55,10
127,21,0,26,123,20
1169,17,0,6,46,4
953,44,0,5,17,5
9,21,0,11,50,5
566,8,0,5,25,4
1207,12,0,0,0,0
1226,29,0,0,0,0
160,29,0,4,10,3
95,12,0,8,54,12
967,9,0,0,0,0
458,44,0,19,125,17
413,22,0,0,0,0
521,9,0,5,22,6
299,22,0,0,2,0
421,29,0,1,22,6
366,12,0,0,0,0
85,21,0,0,16,6
466,44,0,1,38,4
1076,29,0,6,33,5
1112,40,0,0,0,0
637,21,0,3,62,8
364,21,0,2,58,6
1143,40,0,12,99,14
297,9,0,4,29,6
877,17,0,0,0,0
422,12,0,14,67,12
751,39,0,0,0,0
1113,29,0,10,49,16
143,39,0,1,3,0
612,8,0,14,86,7
452,17,0,0,44,0
939,29,0,29,59,20
318,22,0,1,6,0
321,44,0,1,4,1
336,39,0,14,37,5
1010,17,0,12,31,11
171,39,0,2,11,3
544,22,0,13,89,17
883,44,0,0,0,0
34,29,0,0,0,0
510,29,0,4,22,3
844,44,0,7,30,11
1119,40,0,7,72,13
455,17,0,6,82,18
1220,39,0,0,0,0
107,29,0,3,35,10
484,17,0,2,4,2
781,22,0,26,91,26
1122,9,0,16,91,15
688,39,0,11,124,20
640,17,0,4,36,13
853,17,0,18,150,9
425,8,0,5,52,4
283,9,0,0,0,0
580,22,0,0,0,0
126,39,0,0,0,0
146,21,0,0,0,0
1132,9,0,29,136,32
975,39,0,3,11,5
339,44,0,6,53,3
952,17,0,27,109,11
1062,44,0,0,0,0
242,12,0,21,82,20
145,40,0,12,67,14
31,17,0,24,49,9
876,39,0,0,0,0
690,8,0,13,97,4
403,22,0,3,41,3
190,29,0,15,156,24
847,17,0,0,0,0
786,21,0,34,89,24
1026,40,0,0,0,0
662,44,0,0,0,0
1011,44,0,6,49,10
1210,44,0,13,68,10
1025,22,0,3,24,5
1209,12,0,20,121,20
347,17,0,19,72,12
18,29,0,19,93,30
1118,29,0,5,73,11
645,8,0,0,0,0
495,39,0,6,41,8
658,8,0,22,93,23
174,12,0,2,38,2
582,9,0,45,227,21
1242,17,0,4,14,2
744,17,0,0,0,0
703,22,0,4,43,5
440,12,0,12,78,19
167,29,0,26,199,17
300,21,0,2,8,4
331,39,0,0,0,0
848,44,0,1,25,6
1146,40,0,2,12,0
889,17,0,0,0,0
72,9,0,0,0,0
120,44,0,5,92,5
970,39,0,7,51,10
1203,22,0,7,88,1
541,22,0,3,56,9
21,44,0,0,0,0
898,9,0,11,43,12
1048,40,0,0,0,0
236,39,0,0,0,0
260,8,0,8,93,4
999,21,0,0,25,4
866,17,0,23,156,42
1142,40,0,0,0,0
350,12,0,4,28,8
756,17,0,18,182,29
1192,8,0,4,19,2
1138,40,0,13,95,22
505,29,0,32,181,17
159,29,0,2,25,7
882,39,0,12,21,4
673,21,0,1,5,0
496,40,0,3,22,5
1000,9,0,6,23,1
246,12,0,4,20,3
457,22,0,9,21,9
504,9,0,8,25,5
506,39,0,13,51,10
503,44,0,3,62,9
878,17,0,15,192,31
1054,22,0,7,100,9
230,29,0,7,30,12
851,12,0,0,0,0
880,44,0,0,0,0
684,21,0,5,114,15
741,40,0,1,25,1
475,17,0,4,11,3
638,40,0,1,4,0
747,17,0,3,10,1
207,21,0,12,128,14
74,44,0,22,102,24
885,29,0,0,0,0
971,39,0,3,25,3
961,40,0,12,115,9
540,9,0,1,2,0
1135,9,0,11,104,20
1212,8,0,3,12,1
1139,8,0,6,27,1
917,39,0,10,106,13
67,22,0,0,0,0
184,29,0,15,127,19
456,17,0,8,36,6
216,22,0,12,34,11
945,12,0,2,15,6
710,9,0,3,44,12
1214,17,0,21,46,24
1079,40,0,0,0,0
1002,44,0,0,0,0
542,12,0,0,5,1
338,44,0,1,19,6
1136,17,0,0,0,0
1198,22,0,0,0,0
903,29,0,51,132,48
189,40,0,0,0,0
170,39,0,2,15,0
604,21,0,0,0,0
924,9,0,4,39,9
965,12,0,1,3,1
843,17,0,0,0,0
581,21,0,3,19,6
487,39,0,2,41,6
679,39,0,7,44,13
368,40,0,15,76,9
1204,22,0,0,0,0
1234,29,0,0,3,1
1110,12,0,0,11,1
585,21,0,23,212,19
271,22,0,11,78,25
508,39,0,18,157,11
664,40,0,32,82,16
245,21,0,0,0,0
812,40,0,9,49,16
401,12,0,13,135,13
1018,44,0,0,0,0
91,9,0,1,4,0
1094,44,0,1,33,1
168,21,0,0,0,0
155,44,0,0,0,0
719,9,0,17,41,22
963,12,0,3,11,1
795,9,0,2,19,2
874,44,0,3,10,3
1152,21,0,5,52,14
7,39,0,1,3,1
346,12,0,5,60,3
932,40,0,2,15,6
919,12,0,19,97,15
162,29,0,23,113,36
692,21,0,0,0,0
1063,39,0,14,129,16
773,22,0,0,0,0
214,22,0,0,0,0
179,21,0,0,0,0
1170,40,0,1,18,1
75,9,0,18,113,12
1144,40,0,9,97,23
718,22,0,3,30,4
1020,29,0,4,12,9
114,12,0,7,123,7
810,9,0,0,0,0
194,21,0,3,28,0
89,9,0,12,52,16
1197,12,0,13,24,12
497,21,0,3,43,3
665,40,0,0,0,0
636,39,0,3,21,5
46,12,0,0,0,0
1030,9,0,22,79,28
872,44,0,5,17,6
539,40,0,2,43,2
423,21,0,10,63,18
572,9,0,0,0,0
842,17,0,0,0,0
552,21,0,8,10,7
491,39,0,24,91,23
611,22,0,0,0,0
10,21,0,0,0,0
392,44,0,0,18,0
258,9,0,8,76,6
868,9,0,4,11,2
1095,12,0,3,28,1
451,39,0,12,73,14
576,38,0,5,89,3
949,18,0,0,4,1
875,32,0,0,33,3
831,30,0,8,87,13
406,30,0,7,85,22
933,30,0,2,6,1
70,5,0,4,25,1
1206,4,0,3,76,24
594,32,0,8,56,4
1024,35,0,9,45,11
796,5,0,2,25,4
995,4,0,1,11,4
400,35,0,2,12,1
468,32,0,0,2,1
767,18,0,1,47,3
288,4,0,0,0,0
342,18,0,34,182,58
568,5,0,3,30,2
763,13,0,5,40,7
948,20,0,0,0,0
1150,5,0,0,0,0
621,19,0,33,130,24
182,35,0,5,37,6
142,20,0,0,0,0
1003,35,0,5,35,4
1077,35,0,2,10,1
578,18,0,5,17,3
778,30,0,0,1,0
255,35,0,7,72,6
1046,5,0,5,56,1
735,13,0,1,7,0
533,30,0,11,56,17
543,19,0,1,23,2
706,20,0,3,20,2
682,32,0,12,29,8
1200,19,0,14,28,14
232,5,0,19,146,18
461,18,0,25,262,22
799,30,0,0,0,0
116,20,0,1,7,1
672,18,0,0,0,0
490,19,0,1,2,2
770,13,0,7,23,8
527,18,0,0,0,0
782,32,0,18,195,18
904,35,0,6,31,3
130,20,0,5,14,4
1159,35,0,1,4,1
587,18,0,0,4,0
1193,20,0,1,13,3
989,35,0,9,86,8
936,18,0,9,80,16
979,4,0,4,15,6
277,32,0,13,70,22
895,30,0,8,19,4
383,20,0,9,74,21
1151,5,0,17,48,9
896,5,0,10,30,15
310,5,0,6,67,3
748,20,0,3,7,3
825,4,0,9,110,3
113,38,0,13,47,5
1141,30,0,8,44,9
563,35,0,13,66,13
1120,4,0,10,103,29
704,32,0,1,8,3
681,13,0,0,0,0
319,13,0,0,0,0
274,4,0,5,28,9
250,38,0,0,0,0
64,4,0,0,0,0
724,19,0,0,0,0
606,20,0,26,55,9
24,19,0,10,111,29
564,35,0,23,99,14
405,32,0,8,63,20
588,18,0,0,0,0
779,13,0,17,119,8
1187,30,0,10,11,4
516,13,0,0,0,0
140,5,0,3,10,6
124,38,0,2,9,2
873,18,0,19,132,17
279,20,0,18,29,8
891,20,0,1,11,0
996,4,0,3,32,8
256,30,0,17,75,13
909,20,0,0,6,1
584,20,0,5,27,9
631,30,0,2,12,0
603,35,0,0,0,0
263,18,0,1,1,0
624,32,0,31,53,13
959,32,0,12,113,17
1148,19,0,25,48,10
219,4,0,7,51,4
203,35,0,27,247,20
307,35,0,2,13,3
396,20,0,17,123,18
313,13,0,0,0,0
789,13,0,7,95,16
771,30,0,0,0,0
736,13,0,0,3,2
1087,4,0,8,40,2
984,4,0,18,146,20
809,5,0,18,77,19
148,19,0,23,68,20
608,13,0,4,17,9
551,5,0,15,134,18
734,13,0,16,48,12
438,38,0,2,11,2
707,20,0,10,84,15
525,20,0,13,107,19
762,4,0,0,4,1
914,20,0,18,7,6
312,13,0,0,0,0
308,18,0,22,107,20
760,4,0,26,137,10
431,35,0,0,0,0
65,32,0,9,70,8
248,30,0,15,127,7
492,13,0,6,49,10
807,19,0,1,19,8
655,4,0,2,23,8
675,5,0,0,0,0
955,32,0,0,0,0
680,32,0,0,38,5
129,32,0,7,112,16
306,35,0,0,0,0
900,20,0,3,64,21
994,13,0,11,152,25
817,30,0,0,31,2
723,19,0,27,52,4
769,13,0,6,13,7
1165,13,0,0,0,0
666,38,0,12,31,6
1052,35,0,12,27,6
978,4,0,0,0,0
811,20,0,1,9,1
633,20,0,19,99,14
205,18,0,6,68,18
1188,35,0,19,124,13
173,30,0,0,0,0
433,35,0,5,32,3
394,4,0,0,49,11
1237,5,0,0,0,0
766,32,0,7,50,12
1194,19,0,0,15,3
920,5,0,19,98,21
202,19,0,0,0,0
1156,5,0,24,127,24
685,19,0,17,140,13
1059,30,0,11,54,15
361,32,0,11,108,5
740,30,0,0,0,0
768,19,0,0,0,0
63,4,0,0,5,0
1166,32,0,2,30,10
49,20,0,27,76,20
1037,30,0,0,0,0
123,18,0,27,151,15
1036,19,0,0,0,0
993,13,0,9,76,11
304,5,0,5,36,2
928,13,0,14,82,9
1167,18,0,0,0,0
1205,30,0,2,53,2
515,18,0,0,1,0
193,5,0,16,48,15
108,32,0,18,68,14
1153,30,0,7,34,5
921,4,0,16,64,19
619,18,0,21,231,31
1053,35,0,3,37,0
1056,35,0,0,0,0
188,19,0,21,117,17
1021,18,0,5,66,18
513,13,0,12,88,13
301,19,0,13,173,22
286,18,0,10,89,12
791,35,0,0,0,0
1145,32,0,3,19,3
609,13,0,2,24,6
548,32,0,0,11,2
96,5,0,25,26,9
315,30,0,8,47,7
826,19,0,35,235,21
1115,32,0,1,1,1
273,4,0,0,0,0
696,5,0,26,168,12
153,5,0,1,21,3
293,20,0,6,53,7
459,5,0,12,145,8
121,13,0,13,76,13
1096,5,0,0,0,0
676,4,0,19,149,32
565,35,0,19,192,28
51,4,0,0,0,0
656,5,0,14,145,13
743,19,0,0,8,2
750,19,0,1,9,5
432,35,0,0,0,0
758,18,0,7,22,7
908,19,0,0,0,0
926,13,0,0,0,0
827,4,0,0,0,0
450,30,0,1,20,1
395,4,0,0,0,0
1224,5,0,19,120,24
198,30,0,18,53,2
912,18,0,19,119,25
834,5,0,0,0,0
399,35,0,9,35,4
1001,30,0,5,27,7
109,13,0,0,24,1
752,19,0,24,91,23
370,18,0,14,63,17
596,30,0,1,23,4
333,32,0,0,0,0
284,19,0,17,54,26
974,20,0,1,15,1
1081,32,0,0,0,0
1080,32,0,9,101,17
535,18,0,13,19,11
833,19,0,0,0,0
296,30,0,24,74,8
62,20,0,0,0,0
607,13,0,19,75,17
285,18,0,0,0,0
941,35,0,10,78,16
780,13,0,0,0,0
323,18,0,4,43,0
977,32,0,21,168,27
754,20,0,0,0,0
1045,4,0,14,142,18
404,32,0,2,21,2
964,19,0,27,238,13
528,20,0,2,15,4
1017,19,0,10,76,10
818,23,0,4,65,25
1219,26,0,0,0,0
354,27,0,0,2,0
867,26,0,21,98,21
77,24,0,2,13,4
1157,11,0,0,0,0
697,27,0,0,0,0
465,37,0,0,0,0
1065,24,0,22,96,22
79,23,0,27,58,8
997,8,0,6,36,9
901,37,0,0,0,0
1114,27,0,9,54,0
40,23,0,3,16,7
1004,1,0,10,64,10
187,36,0,5,21,12
643,25,0,0,0,0
1238,23,0,6,59,10
986,24,0,0,0,0
1005,26,0,0,0,0
463,36,0,8,46,1
1104,25,0,3,11,4
864,36,0,0,0,0
850,37,0,10,84,14
1127,36,0,2,50,4
1223,11,0,11,118,5
857,26,0,0,7,2
669,27,0,11,19,2
761,8,0,0,0,0
813,24,0,3,13,2
1108,8,0,22,77,9
231,11,0,9,23,12
1060,8,0,24,102,14
855,26,0,2,6,3
43,37,0,1,7,1
969,27,0,2,31,5
1233,23,0,1,6,2
1131,36,0,0,0,0
644,25,0,9,80,11
902,37,0,3,27,4
105,24,0,0,0,0
1230,36,0,8,60,8
393,11,0,3,23,0
1007,1,0,4,23,5
561,27,0,0,0,0
119,1,0,3,34,1
802,11,0,0,0,0
859,26,0,0,1,0
38,1,0,14,19,6
411,11,0,0,0,0
11,36,0,1,20,0
890,1,0,6,19,4
90,36,0,1,11,2
884,23,0,2,11,5
1147,11,0,1,19,2
1006,24,0,9,82,10
947,27,0,4,51,5
935,11,0,12,135,17
161,25,0,1,3,2
1100,24,0,6,52,4
937,26,0,20,182,22
2,11,0,0,0,0
651,25,0,0,6,2
247,8,0,0,0,0
485,23,0,14,120,14
668,27,0,3,13,4
1228,25,0,5,36,4
99,26,0,2,26,2
199,11,0,10,72,14
1217,1,0,0,0,0
233,11,0,3,25,3
879,37,0,11,64,2
667,27,0,3,16,3
83,26,0,11,154,7
894,37,0,8,106,19
26,36,0,2,22,4
78,26,0,3,47,3
775,23,0,2,34,2
888,1,0,16,42,12
141,24,0,1,12,2
1191,8,0,0,0,0
29,23,0,0,0,0
320,11,0,0,0,0
530,8,0,12,110,23
28,37,0,0,0,0
1124,8,0,9,77,7
474,36,0,3,45,6
1164,25,0,0,0,0
1240,25,0,0,0,0
483,27,0,20,62,10
379,1,0,0,2,0
1232,23,0,3,52,17
36,37,0,0,0,0
477,24,0,2,17,5
1123,11,0,6,18,6
144,36,0,2,51,7
1033,1,0,22,102,13
12,37,0,7,23,5
33,23,0,3,81,6
467,8,0,5,39,2
482,27,0,3,25,3
158,36,0,2,38,5
101,23,0,19,64,19
860,24,0,5,23,3
1070,37,0,15,120,15
534,1,0,8,19,5
837,24,0,23,62,22
845,1,0,0,0,0
1171,25,0,4,8,3
639,36,0,2,29,3
595,11,0,4,20,5
237,27,0,4,13,1
294,24,0,0,0,0
865,23,0,1,14,1
940,8,0,6,61,3
1067,26,0,2,6,3
628,25,0,0,22,4
814,24,0,17,100,7
486,1,0,25,153,14
223,11,0,7,80,4
907,11,0,10,125,9
700,27,0,10,46,6
82,24,0,5,24,10
1066,36,0,0,0,0
478,1,0,8,61,7
1211,27,0,2,10,1
1016,1,0,12,70,25
1111,11,0,3,25,3
261,25,0,18,125,22
1227,25,0,0,7,2
721,1,0,0,0,0
1019,23,0,2,1,1
726,36,0,1,5,1
856,26,0,0,0,0
81,37,0,0,0,0
1126,8,0,0,0,0
42,36,0,16,54,5
154,25,0,11,173,9
511,36,0,7,30,6
1107,25,0,1,4,1
417,11,0,0,3,3
642,25,0,1,6,3
412,8,0,3,23,1
5,26,0,0,0,0
32,23,0,2,23,5
1009,1,0,7,36,11
100,1,0,7,126,12
1064,26,0,1,3,1
863,37,0,0,0,0
886,37,0,5,107,8
973,27,0,1,1,0
6,26,0,12,38,6
1075,1,0,0,4,0
87,24,0,2,20,0
678,25,0,4,4,2
3,11,0,12,104,14
629,25,0,6,77,5
1068,37,0,0,0,0
298,8,0,13,137,26
887,23,0,0,6,2
966,1,0,0,0,0
1049,24,0,0,0,0
943,26,0,7,99,5
823,36,0,0,0,0
858,26,0,0,10,3
385,37,0,11,150,11
699,27,0,5,41,22
931,26,0,15,149,17
702,27,0,4,25,5
329,36,0,5,66,11
1072,24,0,9,102,18
698,27,0,6,19,4
538,36,0,13,85,14
660,23,0,1,18,2
19,1,0,0,0,0
132,25,0,12,89,34
1241,37,0,0,0,0
1225,23,0,2,25,4
661,37,0,0,6,0
378,1,0,30,140,16
822,11,0,1,25,3
716,8,0,0,0,0
899,11,0,6,67,8
670,27,0,0,0,0
472,25,0,23,34,14
547,37,0,0,0,0
815,24,0,1,13,1
488,26,0,0,0,0
1105,24,0,8,26,12
37,23,0,0,4,2
1078,11,0,39,114,31
701,27,0,11,81,4
481,23,0,9,20,3
80,37,0,3,7,3
524,23,0,0,0,0
988,36,0,6,36,8
221,27,0,2,13,5
1134,25,0,4,24,11
402,23,0,1,26,5
1032,25,0,9,114,19
266,24,0,0,0,0
30,36,0,10,73,10
861,24,0,8,133,15
104,24,0,3,13,3
259,25,0,13,116,22
1088,37,0,11,76,18
846,1,0,2,32,1
330,11,0,20,116,20
1202,8,0,6,57,6
27,36,0,3,18,4
152,11,0,6,20,10
746,26,0,6,90,16
938,26,0,0,0,0
1128,37,0,15,22,5
671,27,0,0,0,0
23,1,0,1,13,0
476,24,0,0,0,0
674,25,0,3,18,0
635,25,0,10,108,14
169,27,0,0,0,0
76,23,0,13,71,11
334,26,0,13,80,18
238,27,0,0,0,0
86,24,0,0,0,0
862,37,0,10,67,16
16,37,0,8,81,7
73,36,0,2,20,8
1069,24,0,5,46,6
139,11,0,9,102,10
881,26,0,10,82,7
471,1,0,6,54,8
1133,25,0,0,49,3
84,23,0,2,17,1
377,23,0,0,0,0
15,37,0,5,62,5
480,26,0,4,42,14
1116,27,0,0,0,0
1097,27,0,6,41,6
816,1,0,0,0,0
1239,1,0,0,2,2
335,24,0,1,27,2
713,11,0,0,0,0
106,26,0,0,0,0
138,6,0,4,33,4
430,14,0,0,4,0
363,6,0,1,41,3
460,6,0,0,0,0
137,14,0,4,24,9
345,14,0,0,0,0
653,6,0,9,98,8
192,14,0,0,2,0
181,6,0,11,84,10
1176,14,0,0,0,0
1101,14,0,16,95,25
1168,14,0,0,0,0
302,14,0,9,73,19
925,6,0,14,43,18
715,14,0,13,102,19
1117,14,0,2,31,1
1125,6,0,1,9,4
620,14,0,7,76,4
694,14,0,18,110,17
545,14,0,3,23,1
1050,14,0,1,5,3
1175,14,0,0,7,2
1031,14,0,1,11,3
420,14,0,0,17,3
1106,14,0,0,0,0
841,6,0,0,0,0
783,6,0,0,0,0
135,14,0,0,0,0
1137,6,0,10,25,11
98,6,0,13,54,10
1130,14,0,5,113,9
657,14,0,0,0,0
605,14,0,17,65,6
549,14,0,1,39,3
1073,6,0,2,6,2
630,14,0,8,30,14
613,6,0,5,34,2
626,14,0,16,148,21
649,14,0,0,8,1
